id,problem,answer,topic,source
aimo3_hard_f7e9534b,"Assume the system of equations can be written in matrix form \( Ax = B \) with \( c = 3 \). Set up the matrices \( A \), \( x \), and \( B \), and calculate the determinant of \( A \).",20,alg_equations,aimo3_hard
limo_e8f3fd8e,"The solutions to the system of equations \begin{align*} \log_{225}{x}+\log_{64}{y} = 4\\ \log_{x}{225}- \log_{y}{64} = 1 \end{align*} are $(x_1,y_1)$ and $(x_2, y_2)$ . Find $\log_{30}{(x_1y_1x_2y_2)}$ .",12,alg_equations,limo
limo_39d6d8df,"The system of equations \begin{eqnarray*}\log_{10}(2000xy) - (\log_{10}x)(\log_{10}y) & = & 4 \\ \log_{10}(2yz) - (\log_{10}y)(\log_{10}z) & = & 1 \\ \log_{10}(zx) - (\log_{10}z)(\log_{10}x) & = & 0 \\ \end{eqnarray*} has two solutions $(x_{1},y_{1},z_{1})$ and $(x_{2},y_{2},z_{2})$ . Find $y_{1} + y_{2}$ .",25,alg_equations,limo
aimo3_hard_89a7dfcb,Solve the logarithmic equation: $\log_2(x^2 − 5x − 28) = 3$,9,alg_equations,aimo3_hard
limo_c44d3ea3,"In a Martian civilization, all logarithms whose bases are not specified are assumed to be base $b$ , for some fixed $b\ge2$ . A Martian student writes down \[3\log(\sqrt{x}\log x)=56\] \[\log_{\log x}(x)=54\] and finds that this system of equations has a single real number solution $x>1$ . Find $b$ .",216,alg_equations,limo
aimo3_hard_336e0a9d,Solve for \( x \): \( \log(\ln x) = \ln(\log x) \),78.8916941374844,alg_equations,aimo3_hard
bigmath_7f94cda8,"The temperature change of an object at room temperature can be described by Newton's Law of Cooling: suppose the initial temperature of the object is $T_0$, and its temperature after a certain time $t$ is $T$. Then, the equation $T - T_a = (T_0 - T_a) \left(\frac{1}{2}\right)^{\frac{t}{h}}$ describes this process, where $T_a$ represents the ambient temperature and $h$ is known as the half-life. Consider a cup of instant coffee made with hot water at 88°C placed in a room at 24°C. If the coffee cools to 40°C in 20 minutes, how many more minutes are needed for the coffee to cool from 40°C to 32°C?",10,alg_equations,bigmath
bigmath_9b606dcd,"If the solution set of the inequality $x^2 - ax < 0$ is $\{x \mid 0 < x < 1\}$, then $a = \ \boxed{?}$.",1,alg_inequality,bigmath
bigmath_53b2be09,"If the solution set of the inequality $x^2+x-m>0$ is $\{x|x<-3 \text{ or } x>2\}$, then $m=\boxed{6}$.",6,alg_inequality,bigmath
aimo3_hard_106850a7,How many 3-level labeled rooted trees with 3 leaves are there?,1704,alg_polynomial,aimo3_hard
aimo3_hard_7472a8b3,"Given the function \( f(x) = 3 \cdot \sin(x) \), find \( f'(x) \) and evaluate \( f'(3) \) in degrees.",0.0523,alg_polynomial,aimo3_hard
aimo3_hard_aef18208,A steep mountain is inclined at a 74-degree angle to the horizontal and rises to a height of 3400 ft above the surrounding plain. A cable car is to be installed running to the top of the mountain from a point 980 ft out in the plain from the base of the mountain. Find the shortest length of cable needed. Round to the nearest hundredth.,3921.96,alg_polynomial,aimo3_hard
aimo3_hard_bb6ac2ad,"Graph \( G \) has 9 vertices and 21 edges. Three vertices have degree \( x \), three have degree \( y \), and three have degree \( z \). How many different graphs \( G \) could satisfy these criteria?",7,alg_polynomial,aimo3_hard
aimo3_hard_425f6bc6,An ant moves along the segments of a cubic grid from $A_0$ to $K_2$. How many shortest ways are there for the ant if it moves along arbitrary segments?,90,alg_polynomial,aimo3_hard
aimo3_hard_20d73864,"Given that \( \lvert f^n(x) \rvert < 10^{\frac{n}{3}} \) for \( -4 \le x \le 4 \) and \( n = 1, 2, \ldots, 5 \), find an upper bound on the error in the approximation of \( y \) at \( x = 0 \) using the Lagrange interpolation polynomial. Use the error formula \( E = \frac{1}{(n+1)!} f^{(n+1)}(\xi) (x - x_0)(x - x_1) \cdots (x - x_n) \).",0,alg_polynomial,aimo3_hard
bigmath_57b1f60d,"A farmer is checking his fields to make sure all of his crops are growing as they should. Normally, rows of corn stalks produce between 10 to 14 corn cobs each, rows of potatoes produce between 35 to 45 potatoes each, and rows of wheat produce between 55 to 65 wheat stalks each. As he’s checking crop quality, he notices that there are more pests than usual and they have destroyed some of his crops. However, he has implemented three different pest control measures (A, B, and C) with varying degrees of success.

For the corn crops, pest control A reduced the damage by 40%, B by 60%, and C by 25%. For the potato crops, A reduced the damage by 50%, B by 30%, and C by 60%. Finally, for the wheat crops, A reduced the damage by 20%, B by 55%, and C by 35%. The farmer has distributed the pest control measures equally among the crop rows.

If the farmer has 30 rows of corn stalks, 24 rows of potatoes, and 36 rows of wheat, and considering the variation in crops per row and fluctuating pest damage rates, how many crops does the farmer still have after implementing the pest control measures?",2090,alg_polynomial,bigmath
limo_08249990,"The increasing geometric sequence $x_{0},x_{1},x_{2},\ldots$ consists entirely of integral powers of $3.$ Given that $\sum_{n=0}^{7}\log_{3}(x_{n}) = 308$ and $56 \leq \log_{3}\left ( \sum_{n=0}^{7}x_{n}\right ) \leq 57,$ find $\log_{3}(x_{14}).$",91,alg_sequences,limo
aimo3_hard_e2001d21,"Given the sequence $(2, 3, 5, 4)$, calculate $\limsup_{n\to\infty} x_n$ using the definition $\limsup_{n\to\infty} x_n:=\inf_n(\sup_{k\geq n}x_k)$.",4,alg_sequences,aimo3_hard
bigmath_ea682acc,"On the first day of the journey, the Skipper sailed his ship halfway to the destination by traveling due east for 20 hours at a speed of 30 kilometers per hour, navigating around a series of islands and strong ocean currents. He skillfully adjusted his course to avoid these obstacles, adding an additional 15% to his planned travel distance. After 20 hours, he turned the ship's engines off to let them cool down. 

But while the engines were off, a wind storm blew his vessel backward in a westward direction. After the storm, the Skipper used his GPS device to determine the new location of the ship and discovered that he was only one-third of the way to his destination. Considering the additional distance traveled due to the obstacles and the effect of the wind storm, how many kilometers had the ship been blown in a westward direction by the storm?",230,alg_sequences,bigmath
bigmath_1a7d5b0f,"The Pinedale bus line travels at varying average speeds between stops, and has stops with different distances along its route. Yahya wants to go from his house to the Pinedale Mall, which is 8 stops away. The average speeds between stops are listed in the following sequence: 40 km/h, 50 km/h, 60 km/h, 45 km/h, 55 km/h, 70 km/h, 65 km/h, 40 km/h. In addition, due to construction, Yahya has to walk 0.5 km between the 3rd and 4th stop at an average speed of 5 km/h. Considering these varying speeds and distances, how far away, in kilometers, is Pinedale Mall from Yahya's house?

(Note: The bus travels at a constant speed between stops, the distances between stops are not provided)",0.5,alg_sequences,bigmath
bigmath_e94549ae,"A thief steals a Santro car and drives away at a speed of 45 kmph. The theft is discovered after half an hour, and the owner sets off in pursuit on a bike at a speed of 50 kmph. The thief encounters varied terrains during the escape, which affect the car's speed. The first terrain is a mud road that causes the car's speed to drop to 35 kmph for a distance of 30 kilometers. After that, the thief encounters a series of speed bumps that reduce the car's speed to 40 kmph for 5 kilometers. Following that, the thief continues driving through traffic at an average speed of 30 kmph. When will the owner overtake the thief, considering the terrains and obstacles mentioned above?",1.482,alg_sequences,bigmath
bigmath_e5a45f13,"A series of lockers, numbered 1 through 100, are all initially closed. Student 1 goes through and opens every locker. Student 3 goes through and ""flips"" every 3rd locker (""flipping"") a locker means changing its state: if the locker is open he closes it, and if the locker is closed he opens it). Thus, Student 3 will close the third locker, open the sixth, close the ninth. . . . Student 5 then goes through and ""flips""every 5th locker. This process continues with all students with odd numbers  $n<100$  going through and ""flipping"" every  $n$ th locker. 

How many lockers are open after this process?",10,alg_sequences,bigmath
bigmath_96a23b37,"In the NBA Finals between the Los Angeles Lakers and the Boston Celtics, the series is played in a best-of-seven format, meaning the first team to win 4 games will be crowned the champion. The games are divided into home and away games. Since the Los Angeles Lakers had a better regular-season record, games 1, 2, 6, and 7 are played in Los Angeles, while games 3-5 are played in Boston. The Lakers eventually win the championship on their home court. How many possible win-loss sequences are there during the series?",30,alg_sequences,bigmath
aimo3_hard_46dd3688,"Evaluate the integral $\int_{-15}^{15} \lfloor \cot^{-1}(x) \rfloor \, dx$.",38.1692,analysis,aimo3_hard
aimo3_hard_d1fb8e74,"Compute the double integral \(\iint_B y^2 - x^2 \, dA\) where \(B\) is the region enclosed by \(y = x\), \(y = x + 2\), \(y = \frac{2}{x}\), and \(y = \frac{2}{x}\). Use the change of variables \(u = xy\) and \(v = y - x\), and express the integrand in terms of \(u\) and \(v\).",2,analysis,aimo3_hard
aimo3_hard_c074ae05,"Calculate the surface integral of the vector field \( v = (2xz, x+2, y(z-3)) \) around a cube. The cube's faces are labeled as i, ii, iii, iv, v, and vi. The integrals around these faces are given as follows:
- Integral around ii is zero.
- Integral around iii = - integral around iv.
- Integral around v is 4.
- Integral around i is 16.
- Integral around vi is -12.
Determine the correct total surface integral and explain why the book's answer of 32 is different from the calculated answer of 8.",24,analysis,aimo3_hard
aimo3_hard_4e97b04a,"Evaluate the limit
\[ \lim_{n \to \infty} 2^n A_n \]",0,analysis,aimo3_hard
genselect_18f5862b,"You will be given a challenging math problem followed by 3 solutions. Your task is to systematically analyze these solutions to identify the most mathematically sound approach.

Input Format:
Problem: A complex mathematical word problem at advanced high school or college level
Solutions: Detailed solutions indexed 0-2, each concluding with an answer in \boxed{} notation

YOUR TASK

Problem: What is the minimum value of the expression $\frac{2}{abc} - \left(\frac{1}{a^2} + \frac{1}{b^2} + \frac{1}{c^2}\right)$ when $a, b, c > \frac{1}{5}$ and $a + b + c = 1$?

Solutions:
Solution 0:
To find the minimum value of the expression \(\frac{2}{abc} - \left(\frac{1}{a^2} + \frac{1}{b^2} + \frac{1}{c^2}\right)\) under the constraints \(a, b, c > \frac{1}{5}\) and \(a + b + c = 1\), we will analyze the problem using symmetry and boundary considerations.

First, we consider the case where \(a = b = c = \frac{1}{3}\). This gives:
\[
\frac{2}{abc} = 2 \times 27 = 54 \quad \text{and} \quad \frac{1}{a^2} + \frac{1}{b^2} + \frac{1}{c^2} = 3 \times 9 = 27,
\]
resulting in the expression value:
\[
54 - 27 = 27.
\]
However, this is not the minimum value.

Next, we consider the boundary case where two variables approach \(\frac{2}{5}\) and the third approaches \(\frac{1}{5}\). Let \(a = b \approx \frac{2}{5}\) and \(c \approx \frac{1}{5}\). Calculating the expression:
\[
abc \approx \left(\frac{2}{5}\right)^2 \left(\frac{1}{5}\right) = \frac{4}{125},
\]
\[
\frac{2}{abc} \approx \frac{2}{\frac{4}{125}} = \frac{250}{3} \approx 83.33,
\]
\[
\frac{1}{a^2} + \frac{1}{b^2} + \frac{1}{c^2} \approx 2 \left(\frac{25}{4}\right) + 25 = 12.5 + 25 = 37.5,
\]
resulting in the expression value:
\[
83.33 - 37.5 \approx 45.83.
\]
This value is higher than expected, so we need to consider another approach.

To find the minimum value, we use the substitution \(a = b\) and \(c = 1 - 2a\). This simplifies the expression to:
\[
f(a) = \frac{4}{a(1 - 2a)} - \frac{1}{(1 - 2a)^2}.
\]
We compute the derivative of \(f(a)\) and set it to zero to find critical points. After some algebraic manipulation, we find that the derivative is:
\[
f'(a) = \frac{-4(3a - 1)^2}{a^2 (1 - 2a)^3}.
\]
Since the derivative is non-positive for \(a \in \left(\frac{1}{5}, \frac{2}{5}\right)\), the function \(f(a)\) is decreasing on this interval. Therefore, the minimum value occurs as \(a\) approaches \(\frac{2}{5}\) and \(c\) approaches \(\frac{1}{5}\).

Calculating the limit as \(a \to \frac{2}{5}\) and \(c \to \frac{1}{5}\):
\[
\frac{2}{a^2(1 - 2a)} \approx 50 \quad \text{and} \quad \frac{1}{a^2} + \frac{1}{(1 - 2a)^2} \approx 25 + 25 = 50,
\]
leading to the expression value:
\[
50 - 25 = 25.
\]

Using Lagrange multipliers confirms that the critical point at \(a = b = c = \frac{1}{3}\) is a local maximum. Therefore, the minimum value of the expression is the infimum, which is approached as \(a\) and \(b\) approach \(\frac{2}{5}\) and \(c\) approaches \(\frac{1}{5}\).

Thus, the minimum value of the expression is \(\boxed{25}\).

Solution 1:
To find the minimum value of the expression \(\frac{2}{abc} - \left(\frac{1}{a^2} + \frac{1}{b^2} + \frac{1}{c^2}\right)\) under the constraints \(a, b, c > \frac{1}{5}\) and \(a + b + c = 1\), we proceed as follows:

1. **Initial Symmetric Case**:
   Consider the symmetric case where \(a = b = c = \frac{1}{3}\):
   \[
   \frac{2}{\left(\frac{1}{3}\right)^3} - 3 \left(\frac{1}{\left(\frac{1}{3}\right)^2}\right) = 54 - 27 = 27
   \]
   This value might not be the minimum, so we explore further.

2. **Approaching Boundary Values**:
   Let \(a \to \frac{1}{5}\) and \(b, c \to \frac{2}{5}\). For example, set \(a = 0.21\), \(b = c = 0.395\):
   \[
   abc \approx 0.03276 \quad \text{so} \quad \frac{2}{abc} \approx 61.06
   \]
   The sum of the reciprocals of the squares:
   \[
   \frac{1}{(0.21)^2} + 2 \left(\frac{1}{(0.395)^2}\right) \approx 22.675 + 12.818 \approx 35.493
   \]
   The expression evaluates to approximately \(61.06 - 35.493 \approx 25.56\).

3. **Further Approaching Boundary Values**:
   As \(a\) approaches \(\frac{1}{5}\) closer, say \(a = 0.2001\), \(b = c = 0.39995\):
   \[
   abc \approx 0.032 \quad \text{so} \quad \frac{2}{abc} \approx 62.5
   \]
   The sum of the reciprocals of the squares:
   \[
   \frac{1}{(0.2001)^2} + 2 \left(\frac{1}{(0.39995)^2}\right) \approx 24.98 + 12.5006 \approx 37.48
   \]
   The expression evaluates to approximately \(62.5 - 37.48 \approx 25.02\).

4. **Limit Analysis**:
   As \(a \to \frac{1}{5}\) and \(b, c \to \frac{2}{5}\):
   \[
   \frac{2}{(0.2)(0.4)^2} = \frac{2}{0.032} = 62.5
   \]
   The sum of the reciprocals of the squares:
   \[
   \frac{1}{(0.2)^2} + 2 \left(\frac{1}{(0.4)^2}\right) = 25 + 12.5 = 37.5
   \]
   The expression approaches \(62.5 - 37.5 = 25\).

5. **Lagrange Multipliers and Critical Points**:
   Using Lagrange multipliers, we find that the symmetric critical point \(a = b = c = \frac{1}{3}\) gives a value of 27, which is a local maximum. The infimum value is found as variables approach the boundary.

Thus, the minimum value of the expression is approached as \(a \to \frac{1}{5}\) and \(b, c \to \frac{2}{5}\), resulting in the infimum value of 25. Therefore, the minimum value is \(\boxed{25}\).

Solution 2:
To find the minimum value of the expression \(\frac{2}{abc} - \left(\frac{1}{a^2} + \frac{1}{b^2} + \frac{1}{c^2}\right)\) under the constraints \(a, b, c > \frac{1}{5}\) and \(a + b + c = 1\), we start by considering the symmetric case where \(a = b = c\).

Given \(a + b + c = 1\), if \(a = b = c\), then:
\[
a + a + a = 1 \implies 3a = 1 \implies a = \frac{1}{3}.
\]
Thus, \(a = b = c = \frac{1}{3}\).

Substitute \(a = b = c = \frac{1}{3}\) into the expression:
\[
\frac{2}{abc} - \left(\frac{1}{a^2} + \frac{1}{b^2} + \frac{1}{c^2}\right).
\]

First, compute \(abc\):
\[
abc = \left(\frac{1}{3}\right)\left(\frac{1}{3}\right)\left(\frac{1}{3}\right) = \frac{1}{27}.
\]

Next, compute \(\frac{2}{abc}\):
\[
\frac{2}{abc} = \frac{2}{\frac{1}{27}} = 54.
\]

Now, compute \(\frac{1}{a^2} + \frac{1}{b^2} + \frac{1}{c^2}\):
\[
\frac{1}{a^2} = \frac{1}{\left(\frac{1}{3}\right)^2} = 9,
\]
\[
\frac{1}{b^2} = 9, \quad \frac{1}{c^2} = 9.
\]
Thus,
\[
\frac{1}{a^2} + \frac{1}{b^2} + \frac{1}{c^2} = 9 + 9 + 9 = 27.
\]

Substitute these values back into the expression:
\[
\frac{2}{abc} - \left(\frac{1}{a^2} + \frac{1}{b^2} + \frac{1}{c^2}\right) = 54 - 27 = 27.
\]

To confirm that this is indeed the minimum value, consider the boundary cases where one or more variables approach \(\frac{1}{5}\). For example, if \(a = \frac{1}{5}\), then \(b + c = \frac{4}{5}\) with \(b, c > \frac{1}{5}\). Let \(b\) and \(c\) approach \(\frac{1}{5}\), then:
\[
a = \frac{1}{5}, \quad b = \frac{1}{5}, \quad c = \frac{3}{5}.
\]

Compute \(abc\):
\[
abc = \left(\frac{1}{5}\right)\left(\frac{1}{5}\right)\left(\frac{3}{5}\right) = \frac{3}{125}.
\]

Compute \(\frac{2}{abc}\):
\[
\frac{2}{abc} = \frac{2}{\frac{3}{125}} = \frac{250}{3} \approx 83.33.
\]

Compute \(\frac{1}{a^2} + \frac{1}{b^2} + \frac{1}{c^2}\):
\[
\frac{1}{a^2} = 25, \quad \frac{1}{b^2} = 25, \quad \frac{1}{c^2} = \frac{25}{9} \approx 2.78.
\]
Thus,
\[
\frac{1}{a^2} + \frac{1}{b^2} + \frac{1}{c^2} = 25 + 25 + \frac{25}{9} \approx 52.78.
\]

Substitute these values back into the expression:
\[
\frac{2}{abc} - \left(\frac{1}{a^2} + \frac{1}{b^2} + \frac{1}{c^2}\right) \approx 83.33 - 52.78 \approx 30.55.
\]

This value is higher than 27, confirming that the minimum value occurs when \(a = b = c = \frac{1}{3}\).

Thus, the minimum value of the expression is:
\[
\boxed{27}.
\]

Evaluation Process:

1. Initial Screening
  - Group solutions by their final answers
  - Identify and explain mathematical contradictions between different answers
  - Eliminate solutions with clear mathematical errors

2. Detailed Analysis
  For remaining solutions, evaluate:
  - Mathematical precision and accuracy
  - Logical progression of steps
  - Completeness of mathematical reasoning
  - Proper use of mathematical notation, including \boxed{}
  - Handling of edge cases or special conditions
  - For solutions containing and addressing errors, evaluate the error identification and correction methodology.

3. Solution Comparison
  Compare viable solutions based on:
  - Efficiency of approach
  - Clarity of mathematical reasoning
  - Sophistication of method
  - Robustness of solution (works for all cases)

Your response should include:
1. Brief analysis of conflicting answers
2. Detailed evaluation of mathematically sound solutions
3. Justification for eliminating incorrect solutions
4. Clear explanation for selecting the best approach

End your evaluation with exactly:
Judgment: [IDX]
where IDX is the index 0-2 of the best solution.",25,analysis,genselect
aimo3_hard_40d44bc6,"Help William minimize the cost to buy the following items: a microwave ($50), a snuggie ($15), his own music album ($20), a roomba vacuum robot ($300), a limited edition furry ($250), and a singing toilet ($1000). William has two coupons:
- Coupon #1: Get free snuggie and album if you buy a roomba at original price.
- Coupon #2: Overall 10% off for one entire purchase.

Additionally, the mall is having a sale event where William can get gift cards for making purchases:
- $5 gift card for a $100 purchase,
- $15 gift card for a $150 purchase,
- $30 gift card for a $250 purchase,
- $40 gift card for a $300 purchase,
- $200 gift card for a $1000 purchase.

Gift cards can be used for multiple separate qualified purchases, and coupons can be applied to purchases made by gift card, actual money, or both as long as William follows the rules listed on the coupons.",1230,analysis,aimo3_hard
aimo3_hard_57f88de3,"Given functions \( f, g : [0, \infty) \to \mathbb{R} \) and \( L \in \mathbb{R} \), assume \(\lim\limits_{x \to \infty} (f * g)(x) = L\). Determine whether if \(\lim\limits_{x \to \infty} f(x) = \infty\), then \(\lim\limits_{x \to \infty} g(x)\) must exist.",0,analysis,aimo3_hard
aimo3_hard_65392a17,"How many ways can 7 keys (2 red, 2 green, and 3 orange) be arranged so that the red and green keys stay side-by-side?",20,comb_counting,aimo3_hard
aimo3_hard_aa77de1a,"Given three groups \( g1 = \{1, 2, 3\} \), \( g2 = \{3, 4, 5\} \), and \( g3 = \{7, 8\} \), and selecting \( n1 = 2 \) elements from \( g1 \), \( n2 = 1 \) element from \( g2 \), and \( n3 = 1 \) element from \( g3 \), how many different combinations of groups can be formed?",14,comb_counting,aimo3_hard
aimo3_hard_3ab39ec3,"How many different combinations of 3 different toppings can be chosen from 10 options (Black olives, Green Olives, Pepperoni, Cheese, Tuna, Chocolate, Bananas, Mushrooms, Nuts, and Cookies), given the following restrictions:
- Black olives cannot be paired with Green olives.
- Tuna cannot be paired with Chocolate.
- Pepperoni cannot be paired with Bananas.
- Mushrooms can only be paired with Cheese.",63,comb_counting,aimo3_hard
aimo3_hard_271f3da5,Three accounting machines and 2 operators can complete the work done by 10 clerks in two days in just one day. How many accounting machines would be required to complete the work done by 40 clerks in one day?,6,comb_counting,aimo3_hard
bigmath_1be1f05a,"Joseph wants to go to Boston for a road trip. He can choose between two routes:

- Route A takes 5 hours to complete, but there is construction happening on this route. Joseph needs to slow down and will encounter a 30-minute delay each way. He will also need to take two breaks on this route, each lasting 15 minutes.
- Route B takes 2 hours to complete, but there is also traffic on this route causing delays. Traffic will slow him down for 45 minutes each way. Since the route is shorter, Joseph will only need to take a single 20-minute break during the trip.

How much time will he save if he takes route B to Boston and back to his home, considering the varying speeds, stopping times, and delays?",6.17,comb_counting,bigmath
bigmath_82251387,"On their way driving to Los Angeles, Benjamin and James see lots of billboard ads. They spot two types of billboards: electronic and traditional. Curious, Benjamin starts to count only the electronic billboards they see within specific periods each hour. In the first hour, he notes the billboards during a 25-minute period and counts 15 electronic billboards. They stop for a 15-minute break within this first hour. In the second hour, he only counts during a 45-minute period and sees 31 electronic billboards. In the third hour, during their 35-minute lunch break, Benjamin counts 10 electronic billboards from the restaurant. After resuming their journey, he counts for a 20-minute period and sees 12 electronic billboards. James asks Benjamin the average number of electronic billboards they've seen per hour, considering the varying counting periods and breaks they took during the trip. What should Benjamin tell him?",32.64,comb_counting,bigmath
bigmath_9b273f57,"David swims the 100-meter freestyle in 48 seconds. He swims the 100-meter backstroke 4 seconds slower than he swims the 100-meter freestyle without considering the external factors. When considering wind resistance, the backstroke takes an extra 2 seconds. He swims the 100-meter butterfly 3 seconds slower than he swims the 100-meter backstroke without considering the external factors, and a water current adds another 3 seconds to the butterfly time. He swims the 100-meter breaststroke 2 seconds slower than he swims the 100-meter butterfly without considering the external factors, but a combination of wind resistance and water current reduces the breaststroke time by 1 second. What is the combined length of time, in seconds, it would take for him to swim all four 100-meter events (the freestyle, the backstroke, the butterfly, and the breaststroke) including the effects of wind resistance and water current?",216,comb_counting,bigmath
aimo3_hard_640cd41d,"A restaurant has fixed costs of \$34,000 per month. The variable costs are \$1.80 for breakfast and \$3.70 for lunch/dinner. The average total bill (excluding tax and tip) is \$5 for breakfast and \$9 for lunch/dinner. The restaurant serves approximately the same number of breakfast, lunch, and dinner entrees. Find the number of daily meals (breakfast and lunch/dinner) that must be served if the restaurant wishes to earn a profit before taxes of \$10,000 per month. Assume there are 30 days in an average month.",107,comb_graph,aimo3_hard
limo_25dbca34,"On square $ABCD$ , points $E,F,G$ , and $H$ lie on sides $\overline{AB},\overline{BC},\overline{CD},$ and $\overline{DA},$ respectively, so that $\overline{EG} \perp \overline{FH}$ and $EG=FH = 34$ . Segments $\overline{EG}$ and $\overline{FH}$ intersect at a point $P$ , and the areas of the quadrilaterals $AEPH, BFPE, CGPF,$ and $DHPG$ are in the ratio $269:275:405:411.$ Find the area of square $ABCD$ . [asy] pair A = (0,sqrt(850)); pair B = (0,0); pair C = (sqrt(850),0); pair D = (sqrt(850),sqrt(850)); draw(A--B--C--D--cycle); dotfactor = 3; dot(""$A$"",A,dir(135)); dot(""$B$"",B,dir(215)); dot(""$C$"",C,dir(305)); dot(""$D$"",D,dir(45)); pair H = ((2sqrt(850)-sqrt(306))/6,sqrt(850)); pair F = ((2sqrt(850)+sqrt(306)+7)/6,0); dot(""$H$"",H,dir(90)); dot(""$F$"",F,dir(270)); draw(H--F); pair E = (0,(sqrt(850)-6)/2); pair G = (sqrt(850),(sqrt(850)+sqrt(100))/2); dot(""$E$"",E,dir(180)); dot(""$G$"",G,dir(0)); draw(E--G); pair P = extension(H,F,E,G); dot(""$P$"",P,dir(60)); label(""$w$"", intersectionpoint( A--P, E--H )); label(""$x$"", intersectionpoint( B--P, E--F )); label(""$y$"", intersectionpoint( C--P, G--F )); label(""$z$"", intersectionpoint( D--P, G--H ));[/asy]",850,comb_graph,limo
limo_5ad38ac0,"In the diagram below, $ABCD$ is a square. Point $E$ is the midpoint of $\overline{AD}$ . Points $F$ and $G$ lie on $\overline{CE}$ , and $H$ and $J$ lie on $\overline{AB}$ and $\overline{BC}$ , respectively, so that $FGHJ$ is a square. Points $K$ and $L$ lie on $\overline{GH}$ , and $M$ and $N$ lie on $\overline{AD}$ and $\overline{AB}$ , respectively, so that $KLMN$ is a square. The area of $KLMN$ is 99. Find the area of $FGHJ$ . [asy] pair A,B,C,D,E,F,G,H,J,K,L,M,N; B=(0,0); real m=7*sqrt(55)/5; J=(m,0); C=(7*m/2,0); A=(0,7*m/2); D=(7*m/2,7*m/2); E=(A+D)/2; H=(0,2m); N=(0,2m+3*sqrt(55)/2); G=foot(H,E,C); F=foot(J,E,C); draw(A--B--C--D--cycle); draw(C--E); draw(G--H--J--F); pair X=foot(N,E,C); M=extension(N,X,A,D); K=foot(N,H,G); L=foot(M,H,G); draw(K--N--M--L); label(""$A$"",A,NW); label(""$B$"",B,SW); label(""$C$"",C,SE); label(""$D$"",D,NE); label(""$E$"",E,dir(90)); label(""$F$"",F,NE); label(""$G$"",G,NE); label(""$H$"",H,W); label(""$J$"",J,S); label(""$K$"",K,SE); label(""$L$"",L,SE); label(""$M$"",M,dir(90)); label(""$N$"",N,dir(180)); [/asy]",539,comb_graph,limo
aimo3_hard_6111f603,How many Binary Search trees with 6 nodes have a height of 4?,56,comb_graph,aimo3_hard
aimo3_hard_f4b48e8f,"In a complete binary tree of height 2 (with nodes 1, 2, 3, 4, 5, 6, and 7 where 1 is connected to 2 and 3, 2 is connected to 4 and 5, and 3 is connected to 6 and 7), count the number of paths that visit a subset of nodes in a particular order, allowing paths to double back but not including paths that revisit a node without visiting a new node in between. For example, one such path is [1,2,1,3,6,3,1,2,4,2,1,3,7,3,1,2,5].",225,comb_graph,aimo3_hard
limo_b458ec28,"Points $A$ , $B$ , and $C$ lie in that order along a straight path where the distance from $A$ to $C$ is $1800$ meters. Ina runs twice as fast as Eve, and Paul runs twice as fast as Ina. The three runners start running at the same time with Ina starting at $A$ and running toward $C$ , Paul starting at $B$ and running toward $C$ , and Eve starting at $C$ and running toward $A$ . When Paul meets Eve, he turns around and runs toward $A$ . Paul and Ina both arrive at $B$ at the same time. Find the number of meters from $A$ to $B$ .",800,comb_graph,limo
limo_bc18ed67,"The solid shown has a square base of side length $s$ . The upper edge is parallel to the base and has length $2s$ . All other edges have length $s$ . Given that $s=6\sqrt{2}$ , what is the volume of the solid? [asy] import three; size(170); pathpen = black+linewidth(0.65); pointpen = black; currentprojection = perspective(30,-20,10); real s = 6 * 2^.5; triple A=(0,0,0),B=(s,0,0),C=(s,s,0),D=(0,s,0),E=(-s/2,s/2,6),F=(3*s/2,s/2,6); draw(A--B--C--D--A--E--D); draw(B--F--C);  draw(E--F); label(""A"",A, S); label(""B"",B, S); label(""C"",C, S); label(""D"",D, S); label(""E"",E,N); label(""F"",F,N); [/asy]",288,comb_graph,limo
bigmath_eb57e48b,"The set $\{-1, 0, 1\}$ has $\boxed{7}$ proper subsets.",7,comb_pigeonhole,bigmath
bigmath_b0ea566b,"Let  $V$  be a 10-dimensional real vector space and  $U_1,U_2$  two linear subspaces such that  $U_1 \subseteq U_2, \dim U_1 =3, \dim U_2=6$ . Let  $\varepsilon$  be the set of all linear maps  $T: V\rightarrow V$  which have  $T(U_1)\subseteq U_1, T(U_2)\subseteq U_2$ . Calculate the dimension of  $\varepsilon$ . (again, all as real vector spaces)",67,comb_pigeonhole,bigmath
bigmath_e5c6cb37,"Let the universal set $U=\{1,2,3,4,5\}$, set $A=\{1,2\}$, and set $B=\{3,4\}$. Calculate the number of proper subsets of $A\cap C_{U}B$. Express your answer as a single numerical value.",3,comb_pigeonhole,bigmath
bigmath_b9ca7584,"Let the universal set \\(U=\{x\in\mathbb{Z}|-2\leqslant x\leqslant 4\}\\), \\(A=\{-1,0,1,2,3\}\\). If \\(B\subseteq \complement_U A\\), then the number of sets \\(B\\) is \_\_\_\_\_\_.",4,comb_pigeonhole,bigmath
bigmath_8df9c6b6,"Let set \( A = \{(x, y) \mid x + y = 1\} \), \( B = \{(x, y) \mid x^2 + y^2 = 2\} \), and \( C = A \cap B \). How many subsets does set \( C \) have?",4,comb_pigeonhole,bigmath
bigmath_ee84594e,"If the set $\{(x, y) | x + y - 2 = 0 \text{ and } x - 2y + 4 = 0\}$ is a proper subset of $\{(x, y) | y = 3x + b\}$, then find $b$.",2,comb_pigeonhole,bigmath
bigmath_aec36aeb,"If $\{1, 2\} \subseteq A \subseteq \{1, 2, 3, 4, 5\}$, then how many sets $A$ are possible? Express your answer as a whole number.",8,comb_pigeonhole,bigmath
aimo3_hard_ab507a9f,"Robert deals 9 cards in a square from a normal 52-card deck and pretends it is a tic-tac-toe board (black cards against red cards). If the probability that black won is $\frac{n}{1000}$, compute $n$ to the nearest integer.",554,comb_probability,aimo3_hard
aimo3_hard_f8503e38,"College officials want to estimate the percentage of students who carry a gun, knife, or other such weapon. How many randomly selected students must be surveyed in order to be 96% confident that the sample percentage has a margin of error of 1.5 percentage points, assuming that another study indicated that 4% of college students carry weapons?",718,comb_probability,aimo3_hard
aimo3_hard_72c262ec,"Find a lower bound on \( n \) (independent of \( p \)) which ensures that 
\[
\Bbb P(\bar X_n - 0.1 < p < \bar X_n + 0.1) \geq 0.9,
\]
where \(\bar X_n = \frac{\text{number of heads}}{n}\) and \(\Bbb P(\text{head}) = p\).",250,comb_probability,aimo3_hard
limo_20ff63da,"A fair coin is to be tossed $10_{}^{}$ times. Let $i/j^{}_{}$ , in lowest terms, be the probability that heads never occur on consecutive tosses. Find $i+j_{}^{}$ .",73,comb_probability,limo
limo_7a0e90d8,"Two three-letter strings, $aaa^{}_{}$ and $bbb^{}_{}$ , are transmitted electronically. Each string is sent letter by letter. Due to faulty equipment, each of the six letters has a 1/3 chance of being received incorrectly, as an $a^{}_{}$ when it should have been a $b^{}_{}$ , or as a $b^{}_{}$ when it should be an $a^{}_{}$ . However, whether a given letter is received correctly or incorrectly is independent of the reception of any other letter. Let $S_a^{}$ be the three-letter string received when $aaa^{}_{}$ is transmitted and let $S_b^{}$ be the three-letter string received when $bbb^{}_{}$ is transmitted. Let $p$ be the probability that $S_a^{}$ comes before $S_b^{}$ in alphabetical order. When $p$ is written as a fraction in lowest terms, what is its numerator?",532,comb_probability,limo
aimo3_hard_1c2a126b,Calculate the expected profit if \(X\) represents the number of overbooked rooms and the profit is described by the function \(Prof(X) = 4800 - 500X\). The probability that 31 people show up is \(\binom{32}{31} \cdot 0.9^{31} \cdot 0.1^1\) and the probability that 32 people show up is \(\binom{32}{32} \cdot 0.9^{32} \cdot 0.1^0\).,4705,comb_probability,aimo3_hard
aimo3_hard_7ce7012d,"How large must \( n \) be in order to achieve 95% confidence that a coin is not fair, given that in \( n \) tosses, 60% of the outcomes are heads?",97,comb_probability,aimo3_hard
aimo3_hard_b0fb5bee,In how many ways can 8 volumes of an encyclopedia be arranged on a shelf so that exactly one volume is not in ascending order?,247,geo_3d,aimo3_hard
limo_0750a28e,"Faces $ABC^{}_{}$ and $BCD^{}_{}$ of tetrahedron $ABCD^{}_{}$ meet at an angle of $30^\circ$ . The area of face $ABC^{}_{}$ is $120^{}_{}$ , the area of face $BCD^{}_{}$ is $80^{}_{}$ , and $BC=10^{}_{}$ . Find the volume of the tetrahedron.",320,geo_3d,limo
bigmath_4e8cbfea,"Susan made a block using small cubes of 5 cubic cm volume to create a block that is 7 small cubes long, 7 small cubes wide, and 6 small cubes deep. She realized that she accidentally created a shape inside the solid block that resembles the letter ""T"". The ""T"" shape consists of 1 small cube in height, 3 small cubes in length, and 2 small cubes in width, and it is located 3 small cubes away from the front face.

Susan then realized that she used more small cubes than she really needed, and thought that she could have glued a fewer number of cubes together to look like a block with the same dimensions, taking into account the ""T"" shape inside the block.

How many fewer cubes can Susan use to recreate the block with the same dimensions, considering the ""T"" shape within the block?",3,geo_3d,bigmath
bigmath_b660219b,"Jack bought an ice cream cone before jogging to the beach. The ice cream cone will normally melt in 10 minutes. However, the weather conditions are affecting the melting rate of the ice cream: there's a 15mph wind blowing in the opposite direction of Jack's running path, and the temperature is 85°F, causing the ice cream to melt 25% faster than in normal conditions. The beach is 16 blocks away, and each block is 1/8th of a mile. How fast does Jack need to jog (in miles per hour) to get to the beach before the ice cream melts, considering the wind and temperature factors?",16,geo_3d,bigmath
bigmath_db549635,"Alan has 8 pine trees in his backyard and each tree drops 200 pine cones. The pine cones fall on different sections of his property with different percentages: 30% fall on the roof, 40% fall on the lawn, and 30% fall on the driveway. If each pine cone weighs 4 ounces and the weight of the pine cones on the lawn and driveway don't affect the roof's weight, how many ounces of pine cones does Alan have on his roof after considering the varying percentages?",1920,geo_3d,bigmath
bigmath_25a3cf0a,"A swimming pool with irregular dimensions is designed as follows: on the shallow side, it is 9 meters wide and 12 meters long and 1 meter deep, whereas on the deeper side, it is 15 meters wide and 18 meters long and 4 meters deep. There is also a 3 meters wide and 6 meters long island with a height of 1 meter in the center of the pool that needs to be considered while calculating the volume. What is the volume of this swimming pool?",1170,geo_3d,bigmath
bigmath_5cb4ff0c,"In his book ""On the Sphere and Cylinder,"" Archimedes derived an equivalent trigonometric identity $\sin \frac{\pi}{2 n}+\sin \frac{2 \pi}{2 n}+\ldots+\sin \frac{(2 n-1) \pi}{2 n}=\frac{1}{\tan \frac{\pi}{4 n}}$ while proving the formula for the volume of a sphere. If both sides are multiplied by $\frac{\pi}{2 n}$ and $n$ approaches $+\infty$, the left side becomes $\lim _{x \rightarrow \infty} \sum_{i=1}^{2 n} \frac{\pi}{2 n} \sin \frac{i \pi}{2 n}=\int_{0}^{\pi} \sin x d x$. Therefore, Archimedes essentially obtained an equivalent result of the definite integral $\int_{0}^{\pi} \sin x d x$. Hence, $\int_{0}^{\pi} \sin x d x=$ \_\_\_\_\_\_.",2,geo_3d,bigmath
aimo3_hard_7b98b133,"Find the number of rolls required to wrap a $330$ ft long cylinder with an initial diameter of $1.75$ inches $5$ times. Each roll is $0.408$ inches thick, $24$ inches wide, and $20$ ft long. Each wrap must overlap $2$ inches.",40,geo_circle,aimo3_hard
aimo3_hard_676c2ab3,"A foreman noticed an inspector checking a $3""$-hole with a $2""$-plug and a $1""$-plug and suggested that two more gauges be inserted to be sure that the fit was snug. If the new gauges are alike, then the diameter, $d$, of each, to the nearest hundredth of an inch, is:",0.86,geo_circle,aimo3_hard
aimo3_hard_9c4b36f2,"Let $K_1, \ldots, K_9$ be nine circles, each with radius $r$, whose centers $M_1, \ldots, M_9$ are the vertices of a regular ninegon with side length $2r$. A tenth circle $K$ with radius $r$ has its center $A$ outside the ninegon such that $K$ touches $K_1$ and $K_9$. The circle $K$ rolls along the fixed circles $K_1, \ldots, K_9$ without sliding. How many revolutions does $K$ make when it completes one circulation around $K_1, \ldots, K_9$?",5,geo_circle,aimo3_hard
limo_3741e779,"A machine-shop cutting tool has the shape of a notched circle, as shown. The radius of the circle is $\sqrt{50}$ cm, the length of $AB$ is $6$ cm and that of $BC$ is $2$ cm. The angle $ABC$ is a right angle. Find the square of the distance (in centimeters) from $B$ to the center of the circle. [asy] size(150); defaultpen(linewidth(0.6)+fontsize(11)); real r=10; pair O=(0,0), A=r*dir(45),B=(A.x,A.y-r); path P=circle(O,r); pair C=intersectionpoint(B--(B.x+r,B.y),P); // Drawing arc instead of full circle //draw(P); draw(arc(O, r, degrees(A), degrees(C))); draw(C--B--A--B); dot(A); dot(B); dot(C); label(""$A$"",A,NE); label(""$B$"",B,S); label(""$C$"",C,SE); [/asy]",26,geo_circle,limo
aimo3_hard_28663f9c,How many circular flanges of diameter $235~\text{mm}$ can fit into a rectangular steel plate of dimensions $2500~\text{mm} \times 6300~\text{mm}$?,312,geo_circle,aimo3_hard
aimo3_hard_2c523883,"Compute $e^{\pi} + \pi^e$. If your answer is $A$ and the correct answer is $C$, then your score on this problem will be $\frac{4}{\pi}\arctan\left(\frac{1}{\left|C-A\right|}\right)$.",45.59985,geo_circle,aimo3_hard
limo_812c2d5a,"A car travels due east at $\frac 23$ miles per minute on a long, straight road. At the same time, a circular storm, whose radius is $51$ miles, moves southeast at $\frac 12\sqrt{2}$ miles per minute. At time $t=0$ , the center of the storm is $110$ miles due north of the car. At time $t=t_1$ minutes, the car enters the storm circle, and at time $t=t_2$ minutes, the car leaves the storm circle. Find $\frac 12(t_1+t_2)$ .",198,geo_circle,limo
aimo3_hard_f871941f,"Given the vectors \( e_1 = (1,1,1) \), \( e_2 = (1,2,3) \), \( e_3 = (3,5,7) \), \( e_4 = (4,5,6) \), and \( e_5 = (0,1,-9) \), and the set \( V = \left\{ \sum_{j=1}^{5} \alpha_{j}e_j \mid \alpha_j \in K, \forall j=1,5 \right\} \), compute the dimension of \( V \) over the field \( K \) if:

a) \( K = \mathbb{Z}_{11} \)

b) \( K = \mathbb{R} \)",3,geo_coordinate,aimo3_hard
bigmath_5419657f,"Alex and Max are running a race against each other on a 5000 feet long road with varying terrain, including uphill slopes, downhill slopes, and flat ground. At the beginning of the race, they are even with each other for the first 200 feet. Then, the terrain changes to an uphill slope, and Alex gets ahead of Max by 300 feet. When they reach a downhill slope, Max takes advantage and gains a lead of 170 feet over Alex. Finally, while running on a flat section of the road, Alex gets a burst of energy and pulls ahead by 440 feet. Considering the changing terrains and slopes affecting their running speeds, how many feet are there left for Max to catch up to Alex?",4430,geo_coordinate,bigmath
bigmath_53a3108b,"Kevin has been for a run and wants to calculate how far he traveled. He ran at 10 miles per hour for half an hour on a flat terrain, then went uphill at a 5% incline at 20 miles per hour for half an hour, and finally ran at 8 miles per hour downhill at a 3% slope for 15 minutes. After that, he continued running on a sandy beach for 20 minutes at an average speed of 6 miles per hour. As it started raining, his speed reduced by 20% and he continued running for another 30 minutes on a muddy trail with a 7% incline. How many miles has Kevin run taking into consideration the changes in elevation, distance and weather conditions?",21.4,geo_coordinate,bigmath
bigmath_9a9a4091,"Ms. Warren started her workout with a warm-up walk at 3 mph for 15 minutes. Then she ran at 6 mph on a flat terrain for 20 minutes. After the run, she encountered an uphill slope, which reduced her speed to 4 mph, and she continued running for another 15 minutes. On the downhill slope, her speed increased to 7 mph, and she ran for 10 minutes. Finally, she walked at 2 mph for a cool-down session for 30 minutes. How many miles did Ms. Warren cover in total during her workout, considering the varying speeds, durations, and slope conditions?",5.92,geo_coordinate,bigmath
bigmath_fe48154a,"On a trip, a cyclist averaged 12 miles per hour for the first 18 miles on a flat terrain, then they switched to a skateboard and averaged 10 miles per hour for the remaining 18 miles, which had a downhill slope with a 5% grade. If the cyclist returned immediately via the same route using an electric scooter and took a total of 7.3 hours for the round trip, what was the average speed (in miles per hour) for the return trip, considering changes in elevation and energy consumption rates for each mode of transportation?",9,geo_coordinate,bigmath
bigmath_a7523977,"During her workout, Sarah walks on a trail with varying elevations and terrains. She walks north at an average rate of 3 mph uphill and returns at an average rate of 4 mph downhill. When she reaches the midpoint of her workout, she takes a 20-minute rest to catch her breath. Considering the changing speeds, elevations, and the rest period, how many miles did she walk if her entire round trip took 3.5 hours?",10.858,geo_coordinate,bigmath
bigmath_7cc777be,"Given the vector $\overset{→}{a}=(1,2)$, with $\overset{→}{a}·\overset{→}{b}=5$ and $|\overset{→}{a}-\overset{→}{b}|=2\sqrt{5}$, calculate the magnitude of vector $\overset{→}{b}$, denoted as $|\overset{→}{b}|$. Provide your answer as a numerical value in the format $\boxed{[answer]}$.",5,geo_coordinate,bigmath
aimo3_hard_23b025eb,"Given a trapezoid $\overline{ABCD}$ with $\overline{AB} \parallel \overline{CD}$, $\text{m} \angle A = \text{m} \angle B = 65^{\circ}$, $\left |\overline{AB}\right| = 12$, and $\left |\overline{CD}\right| = 8$, find $\left |\overline{DA}\right|$ without using trigonometry.",4.732,geo_polygon,aimo3_hard
limo_bfd68b6a,"In the diagram below, angle $ABC$ is a right angle. Point $D$ is on $\overline{BC}$ , and $\overline{AD}$ bisects angle $CAB$ . Points $E$ and $F$ are on $\overline{AB}$ and $\overline{AC}$ , respectively, so that $AE=3$ and $AF=10$ . Given that $EB=9$ and $FC=27$ , find the integer closest to the area of quadrilateral $DCFG$ . [asy] size(250); pair A=(0,12), E=(0,8), B=origin, C=(24*sqrt(2),0), D=(6*sqrt(2),0), F=A+10*dir(A--C), G=intersectionpoint(E--F, A--D); draw(A--B--C--A--D^^E--F); pair point=G+1*dir(250); label(""$A$"", A, dir(point--A)); label(""$B$"", B, dir(point--B)); label(""$C$"", C, dir(point--C)); label(""$D$"", D, dir(point--D)); label(""$E$"", E, dir(point--E)); label(""$F$"", F, dir(point--F)); label(""$G$"", G, dir(point--G)); markscalefactor=0.1; draw(rightanglemark(A,B,C)); label(""10"", A--F, dir(90)*dir(A--F)); label(""27"", F--C, dir(90)*dir(F--C)); label(""3"", (0,10), W); label(""9"", (0,4), W); [/asy]",148,geo_polygon,limo
limo_a10524cc,"In convex quadrilateral $KLMN$ , side $\overline{MN}$ is perpendicular to diagonal $\overline{KM}$ , side $\overline{KL}$ is perpendicular to diagonal $\overline{LN}$ , $MN = 65$ , and $KL = 28$ . The line through $L$ perpendicular to side $\overline{KN}$ intersects diagonal $\overline{KM}$ at $O$ with $KO = 8$ . Find $MO$ .",90,geo_polygon,limo
aimo3_hard_9665754b,How many rectangles can be drawn using only the diagonal segments of a 3 by 3 square grid formed by connecting the vertices?,51,geo_polygon,aimo3_hard
bigmath_9e989f21,Consider a \(9 \times 9\) chessboard with a grasshopper on each square. Each grasshopper jumps once to a neighboring square diagonally. How many squares are left unoccupied at a minimum?,9,geo_polygon,bigmath
bigmath_4c68ede1,"Let  $A$  be a  $n\times n$  matrix such that  $A_{ij} = i+j$ . Find the rank of  $A$ .

<details><summary>Remark</summary>Not asked in the contest:  $A$  is diagonalisable since real symetric matrix it is not difficult to find its eigenvalues.</details>",2,geo_polygon,bigmath
bigmath_b886eb2d,"Let $A$ be a $n\times n$ matrix such that $A_{ij} = i+j$. Find the rank of $A$.

[hide=""Remark""]Not asked in the contest: $A$ is diagonalisable since real symetric matrix it is not difficult to find its eigenvalues.[/hide]",2,geo_polygon,bigmath
bigmath_f4f2c54e,"Sebastian plays drums for percussion in an orchestra seated in various sections. In the percussion section, there are three more players besides Sebastian: one playing the timpani, another playing the marimba, and a third who switches between the xylophone and the triangle. 

He sits next to the brass section where five people play trombone, four play trumpet, two play the tuba, two play a French horn and one person alternates between the French horn and trumpet. In front of them are the strings section with seven violinists, five violists, four cellists, and two contrabassists. Among the violinists, one also plays the viola, and a cellist sometimes switches to double bass. 

Adjacent to the strings are the woodwinds section with three clarinet players, a quartet of flute players, two bassoonists, and an oboist. One of the clarinet players also doubles as a bass clarinet player. A pianist, a harpist, and a musician who plays both the celesta and the organ join the orchestra as well in the keyboards and harp section. 

The maestro conducts them all. How many people are in the orchestra considering the musicians who play multiple instruments?",49,geo_triangle,bigmath
bigmath_d396e899,"Two projectiles are launched at the same moment from 1386 km apart, trying to collide in mid-air by travelling directly towards each other at speeds of 445 km per hour and 545 km per hour respectively. The projectiles start at different altitudes, with one at 1000 meters above sea level, and the other at 2000 meters above sea level. They both follow a non-linear path affected by wind resistance and gravitational forces, and the wind is blowing at an average rate of 20 km per hour from east to west.

Assuming the projectiles maintain constant airspeed relative to the wind and considering the effect of altitude on wind resistance, where the drag force is proportional to the square of their respective speeds, determine the time in minutes when they will meet if they manage to collide in mid-air.",84,geo_triangle,bigmath
bigmath_cdc4430e,"Forest and his friends have prepared a birthday cake for their friend Juelz having 240 cake pieces, with 160 square-shaped pieces and 80 triangle-shaped pieces. After singing the birthday song, they ate 60% of the square-shaped cake pieces and 40% of the triangle-shaped cake pieces. Considering that a square-shaped piece weighs 25 grams while a triangle-shaped piece weighs 20 grams, later, Forest's family took 30% of the remaining cake by weight and Juelz's friends took another 25% from the remaining amount by weight. Finally, Juelz divided the remaining cake into equal weights among his three sisters. What is the weight of cake each sister received?",448,geo_triangle,bigmath
bigmath_fa9e01b7,"During geometry class, Bill drew several shapes using different colored markers. For each shape, he drew one line per side. He drew 12 triangles (red), 8 squares (blue), 4 pentagons (green), 6 hexagons (yellow), and 2 octagons (purple). However, some of the shapes overlapped, and a few lines were shared between adjacent shapes. There are 5 lines shared between the triangles and squares, 3 lines shared between the pentagons and hexagons, and 1 line shared between the hexagons and octagons. How many total lines did Bill draw with each colored marker, considering the shared lines?",15,geo_triangle,bigmath
bigmath_d6843db9,"Jericho, with a history of about 9000 years, is considered the lowest city in the world in terms of altitude and is also considered one of the earliest cities built by humans. It is 300 meters below sea level, which can be recorded as an altitude of     meters.",-300,geo_triangle,bigmath
bigmath_e955fb01,"After spending summer holidays on an island, I decided to return to my hometown. I started my journey in my little seaplane. For the first 300 miles, I was able to fly at an average speed of 120 mph due to favorable wind conditions. When I crossed this point, I had to fly at varying altitudes due to weather changes, and my speed dropped to 100 mph for next 200 miles. After that, I had to make a quick 2-hour layover at a small town due to fuel shortage. Post layover, I flew the remaining 120 miles at an average speed of 80 mph because of headwinds. What was my average speed for the total trip excluding the layover time?",103.33,geo_triangle,bigmath
bigmath_5e80ea41,"A set of data consists of 23, 27, 20, 18, x, 12, and their median is 21. Thus, x is \_\_\_\_\_\_\_\_.",22,geo_triangle,bigmath
bigmath_b4ab6738,"Kendra learns 12 new spelling words each week. Her first goal is to learn 60 new words before her eighth birthday. She also wants to reach a second goal of learning 100 new words before her first school spelling bee competition. Additionally, Kendra's parents promised her a reward if she learns 20 words per week to improve further. If she doesn't meet that number, she will lose some of her weekly allowance. Kendra has already learned 36 new words.

She has 3 weeks remaining until her birthday and 6 weeks remaining until the spelling bee competition. Considering the reward/punishment system and her goals, how many more words does Kendra need to learn per week to achieve both goals by their respective deadlines and get the reward every week?",20,nt_diophantine,bigmath
bigmath_5f56d76c,"Miss Spelling has enough sheets of paper to give each pupil in her class 3 sheets and have 31 sheets left over. Alternatively, she could give each pupil 4 sheets and have 8 sheets left over. How many sheets of paper does she have?",100,nt_diophantine,bigmath
bigmath_1f88690e,"David finished his homework in 180 minutes. He spent 25 minutes on his math homework, 30 minutes on his spelling homework, 20 minutes on his history assignment, and 15 minutes on his science project. Additionally, he practiced piano for 30 minutes and took two 10-minute study breaks. He spent the rest of the time reading for his daily reading log. How many minutes did he spend reading?",40,nt_diophantine,bigmath
bigmath_26711670,"David finished his homework in 120 minutes. He spent 25 minutes on his math homework, 30 minutes on his spelling homework, 20 minutes on his history assignment, and 15 minutes on his science project. He spent the rest of the time reading for his daily reading log. How many minutes did he spend reading?",30,nt_diophantine,bigmath
bigmath_50ac835d,"On the refrigerator, MATHCOUNTS is spelled out with 10 magnets, one letter per magnet. Two vowels and three consonants fall off and are put away in a bag. If the Ts are indistinguishable, how many distinct possible collections of letters could be put in the bag?",75,nt_diophantine,bigmath
bigmath_69535bce,"Harry needs to buy 5 spellbooks that each cost a certain amount, three potion kits that each cost 20 silver, and one owl that costs 28 gold. There are 9 silver to a gold. Harry will pay a total of 537 silvers. How much does each spellbook cost in gold?",5,nt_diophantine,bigmath
bigmath_9c87d5de,"Harry needs to buy 5 spellbooks that each cost 5 gold, three potion kits that each cost a certain amount, and one owl that costs 28 gold. There are 9 silver to a gold. Harry will pay a total of 537 silvers. How much does each potion kit cost in silver?",18,nt_diophantine,bigmath
aimo3_hard_e62a19e1,"Given \( \sin \theta = \frac{3}{5} \) and \( \gcd(A, B) = 1 \), find the value of \( AB \) for the expression:

\[
\left( \frac{\sqrt{2} \cos \theta}{\sqrt{3}} + \frac{\cos 2\theta}{\sqrt{6}} + \frac{\cos 3\theta}{\sqrt{24}} + \cdots \right) \left( \frac{\sqrt{2} \sin \theta}{\sqrt{3}} + \frac{\sin 2\theta}{\sqrt{6}} + \frac{\sin 3\theta}{\sqrt{24}} + \cdots \right) = \frac{A}{B}
\]",432,nt_divisibility,aimo3_hard
bigmath_7b49f113,"A cooperative purchased various goods from a trust after a price increase of 10% marked in the old price list. However, the cooperative benefits from a 10% discount at the trust. The cooperative paid a total of \( N \) rubles in cash for the entire purchase. By which number is \( N \) divisible without a remainder?",99,nt_divisibility,bigmath
bigmath_35dbe698,"At a garage sale, all of the items were sold at different prices. If the price of a radio sold at the garage sale was both the 37th highest price and the 48th lowest price among the prices of the items sold, and the prices of the items were divisible by 5, how many items were sold at the garage sale?",84,nt_divisibility,bigmath
bigmath_a4ab6379,"Ludvík noticed in a certain division problem that when he doubles the dividend and increases the divisor by 12, he gets his favorite number as the result. He would get the same number if he reduced the original dividend by 42 and halved the original divisor. Determine Ludvík’s favorite number.",7,nt_divisibility,bigmath
bigmath_012b25f7,"Let  $a_n =\sum_{d|n} \frac{1}{2^{d+ \frac{n}{d}}}$ . In other words,  $a_n$  is the sum of  $\frac{1}{2^{d+ \frac{n}{d}}}$  over all divisors  $d$  of  $n$ . 
Find  $$ \frac{\sum_{k=1} ^{\infty}ka_k}{\sum_{k=1}^{\infty} a_k} =\frac{a_1 + 2a_2 + 3a_3 + ....}{a_1 + a_2 + a_3 +....} $$  ",4,nt_divisibility,bigmath
bigmath_6c4137f1,"Anna is reading a 31-chapter textbook, but she skips all the chapters that are divisible by 3. It takes her a certain amount of time to read each chapter. She spends a total of 7 hours reading. How many minutes does it take her to read each chapter?",20,nt_divisibility,bigmath
bigmath_6ea418d4,"How many solutions in natural numbers \( x, y \) does the system of equations have

\[
\left\{\begin{array}{l}
\gcd(x, y)=20! \\
\text{lcm}(x, y)=30!
\end{array} \quad (\text{where } n! = 1 \cdot 2 \cdot 3 \cdot \ldots \cdot n) ?\right.
\]
",256,nt_divisibility,bigmath
aimo3_hard_38ffc7b9,How many 19th power residues modulo 229 are there?,12,nt_modular,aimo3_hard
genselect_dd0f8bfb,"You will be given a challenging math problem followed by 14 solutions. Your task is to systematically analyze these solutions to identify the most mathematically sound approach.

Input Format:
Problem: A complex mathematical word problem at advanced high school or college level
Solutions: Detailed solutions indexed 0-13, each concluding with an answer in \boxed{} notation

YOUR TASK

Problem: Find the last 8 digits of \(5^{1994}\).

Solutions:
Solution 0:
To find the last 8 digits of \(5^{1994}\), we need to compute \(5^{1994} \mod 10^8\). Using the Chinese Remainder Theorem (CRT), we will solve the problem modulo \(2^8\) and \(5^8\) separately and then combine the results.

1. **Modulo \(5^8\):**
   Since \(5^{1994}\) is divisible by \(5^8\), we have:
   \[
   5^{1994} \equiv 0 \mod 5^8
   \]

2. **Modulo \(2^8\):**
   Using Euler's theorem, since \(\phi(2^8) = 128\), we have:
   \[
   5^{128} \equiv 1 \mod 256
   \]
   Reducing the exponent \(1994\) modulo 128:
   \[
   1994 = 128 \times 15 + 94 \implies 5^{1994} \equiv 5^{94} \mod 256
   \]
   Further reducing \(5^{94}\) using exponentiation by squaring:
   \[
   5^2 \equiv 25 \mod 256 \\
   5^4 \equiv 113 \mod 256 \\
   5^8 \equiv 225 \mod 256 \\
   5^{16} \equiv 193 \mod 256 \\
   5^{32} \equiv 129 \mod 256 \\
   5^{64} \equiv 1 \mod 256 \\
   \]
   Combining these results:
   \[
   5^{94} = 5^{64} \cdot 5^{16} \cdot 5^8 \cdot 5^4 \cdot 5^2 \equiv 1 \cdot 193 \cdot 225 \cdot 113 \cdot 25 \mod 256
   \]
   Step-by-step modulo reduction:
   \[
   193 \cdot 225 \equiv 161 \mod 256 \\
   161 \cdot 113 \equiv 17 \mod 256 \\
   17 \cdot 25 \equiv 169 \mod 256
   \]
   Thus:
   \[
   5^{1994} \equiv 169 \mod 256
   \]

3. **Combining Results with CRT:**
   We need \(x\) such that:
   \[
   x \equiv 0 \mod 390625 \quad \text{and} \quad x \equiv 169 \mod 256
   \]
   Let \(x = 390625k\). Solving \(390625k \equiv 169 \mod 256\):
   \[
   390625 \equiv 225 \mod 256 \implies 225k \equiv 169 \mod 256
   \]
   Finding the modular inverse of 225 modulo 256 (using the extended Euclidean algorithm) gives 33. Thus:
   \[
   k \equiv 169 \cdot 33 \mod 256 \equiv 201 \mod 256
   \]
   Therefore, \(k = 256m + 201\) and:
   \[
   x = 390625(256m + 201) \equiv 390625 \cdot 201 \mod 10^8
   \]
   Calculating:
   \[
   390625 \cdot 201 = 78515625
   \]

Thus, the last 8 digits of \(5^{1994}\) are \(\boxed{78515625}\).

Solution 1:
To find the last 8 digits of \(5^{1994}\), we need to compute \(5^{1994} \mod 10^8\). We can use the Chinese Remainder Theorem (CRT) by breaking the problem into modulo \(2^8\) and modulo \(5^8\).

### Step 1: Compute \(5^{1994} \mod 5^8\)

Since \(5^{1994}\) is clearly divisible by \(5^8\) (because \(1994 \geq 8\)), we have:
\[
5^{1994} \equiv 0 \mod 5^8
\]

### Step 2: Compute \(5^{1994} \mod 2^8\)

We use Euler's theorem for this part. Euler's totient function for \(256 = 2^8\) is:
\[
\phi(256) = 256 \left(1 - \frac{1}{2}\right) = 128
\]
Euler's theorem tells us that for any integer \(a\) coprime to \(256\),
\[
a^{128} \equiv 1 \mod 256
\]
Since \(5\) is coprime to \(256\), we have:
\[
5^{128} \equiv 1 \mod 256
\]
Now, we can express \(1994\) as:
\[
1994 = 128 \times 15 + 94
\]
Thus,
\[
5^{1994} = 5^{128 \times 15 + 94} = (5^{128})^{15} \times 5^{94} \equiv 1^{15} \times 5^{94} \equiv 5^{94} \mod 256
\]

We need to compute \(5^{94} \mod 256\). We use modular exponentiation:
\[
5^2 = 25
\]
\[
5^4 = 25^2 = 625 \equiv 113 \mod 256
\]
\[
5^8 = 113^2 = 12769 \equiv 225 \mod 256
\]
\[
5^{16} = 225^2 = 50625 \equiv 193 \mod 256
\]
\[
5^{32} = 193^2 = 37249 \equiv 129 \mod 256
\]
\[
5^{64} = 129^2 = 16641 \equiv 1 \mod 256
\]

Since \(94 = 64 + 16 + 8 + 4 + 2\),
\[
5^{94} = 5^{64} \times 5^{16} \times 5^8 \times 5^4 \times 5^2 \equiv 1 \times 193 \times 225 \times 113 \times 25 \mod 256
\]

We compute step-by-step:
\[
193 \times 225 = 43425 \equiv 161 \mod 256
\]
\[
161 \times 113 = 18193 \equiv 17 \mod 256
\]
\[
17 \times 25 = 425 \equiv 169 \mod 256
\]

Thus,
\[
5^{94} \equiv 169 \mod 256
\]

### Step 3: Combine Results Using Chinese Remainder Theorem

We have:
\[
x \equiv 0 \mod 390625
\]
\[
x \equiv 169 \mod 256
\]

Let \(x = 390625k\). We need:
\[
390625k \equiv 169 \mod 256
\]

First, compute \(390625 \mod 256\):
\[
390625 \equiv 225 \mod 256
\]

Thus, we need:
\[
225k \equiv 169 \mod 256
\]

To solve for \(k\), we find the modular inverse of \(225 \mod 256\). Using the Extended Euclidean Algorithm:
\[
225m \equiv 1 \mod 256
\]

We find:
\[
225 \times 33 \equiv 1 \mod 256
\]

Thus,
\[
k \equiv 169 \times 33 \mod 256
\]
\[
169 \times 33 = 5577 \equiv 201 \mod 256
\]

So,
\[
k \equiv 201 \mod 256
\]

Finally,
\[
x = 390625 \times 201 = 78515625
\]

Thus, the last 8 digits of \(5^{1994}\) are:
\[
\boxed{78515625}
\]

Solution 2:
To find the last 8 digits of \(5^{1994}\), we need to compute \(5^{1994} \mod 10^8\). We use the Chinese Remainder Theorem by breaking the modulus into coprime factors \(2^8 = 256\) and \(5^8 = 390625\).

1. **Modulo \(256\):**
   - Since \(5\) and \(256\) are coprime, we use Euler's theorem. Euler's totient \(\phi(256) = 128\).
   - By Euler's theorem, \(5^{128} \equiv 1 \mod 256\).
   - Express \(1994\) in terms of \(128\): \(1994 = 15 \times 128 + 74\).
   - Therefore, \(5^{1994} \equiv 5^{74} \mod 256\).
   - Compute \(5^{74} \mod 256\) using exponentiation by squaring:
     \[
     \begin{aligned}
     5^2 &\equiv 25 \mod 256, \\
     5^4 &\equiv 113 \mod 256, \\
     5^8 &\equiv 225 \mod 256, \\
     5^{16} &\equiv 193 \mod 256, \\
     5^{32} &\equiv 129 \mod 256, \\
     5^{64} &\equiv 1 \mod 256.
     \end{aligned}
     \]
   - Since \(5^{64} \equiv 1 \mod 256\), we have \(5^{74} = 5^{64} \times 5^{10} \equiv 1 \times 5^{10} \mod 256\).
   - Compute \(5^{10} \mod 256\):
     \[
     \begin{aligned}
     5^8 &\equiv 225 \mod 256, \\
     5^{10} &= 5^8 \times 5^2 \equiv 225 \times 25 \mod 256.
     \end{aligned}
     \]
   - Compute \(225 \times 25 \mod 256\):
     \[
     225 \times 25 = 5625, \quad 5625 \mod 256 = 249.
     \]
   - Therefore, \(5^{1994} \equiv 249 \mod 256\).

2. **Modulo \(390625\):**
   - Since \(5^{1994}\) is divisible by \(390625\), we have \(5^{1994} \equiv 0 \mod 390625\).

3. **Combine results using the Chinese Remainder Theorem:**
   - We need to solve the system of congruences:
     \[
     \begin{cases}
     x \equiv 249 \mod 256, \\
     x \equiv 0 \mod 390625.
     \end{cases}
     \]
   - Let \(x = 390625k\). Then \(390625k \equiv 249 \mod 256\).
   - Compute \(390625 \mod 256\):
     \[
     390625 \div 256 = 1525 \quad \text{remainder} \quad 225.
     \]
     Thus, \(390625 \equiv 225 \mod 256\).
   - Therefore, \(225k \equiv 249 \mod 256\).
   - Find the modular inverse of \(225 \mod 256\), which is \(33\):
     \[
     225 \times 33 \equiv 1 \mod 256.
     \]
   - Multiply both sides by \(33\):
     \[
     k \equiv 249 \times 33 \mod 256.
     \]
   - Compute \(249 \times 33 \mod 256\):
     \[
     249 \times 33 = 8217, \quad 8217 \mod 256 = 25.
     \]
   - Thus, \(k \equiv 25 \mod 256\).
   - Therefore, \(k = 25 + 256t\) for some integer \(t\).
   - Substitute back to find \(x\):
     \[
     x = 390625 \times 25 = 9765625.
     \]

The last 8 digits of \(9765625\) are \(09765625\).

\[
\boxed{09765625}
\]

Solution 3:
To find the last 8 digits of \(5^{1994}\), we need to compute \(5^{1994} \mod 10^8\). We will use the Chinese Remainder Theorem (CRT) by breaking the modulus into \(2^8 = 256\) and \(5^8 = 390625\).

### Step 1: Compute \(5^{1994} \mod 256\)

Since \(5\) and \(256\) are coprime, we can use Euler's theorem. Euler's totient function \(\phi(256) = 128\), so \(5^{128} \equiv 1 \mod 256\).

We can write:
\[ 1994 = 128 \times 15 + 74 \]
Thus:
\[ 5^{1994} \equiv 5^{74} \mod 256 \]

Now, we need to compute \(5^{74} \mod 256\). We use exponentiation by squaring:
\[ 5^1 \equiv 5 \mod 256 \]
\[ 5^2 \equiv 25 \mod 256 \]
\[ 5^4 \equiv 625 \equiv 113 \mod 256 \]
\[ 5^8 \equiv 113^2 = 12769 \equiv 225 \mod 256 \]
\[ 5^{16} \equiv 225^2 = 50625 \equiv 193 \mod 256 \]
\[ 5^{32} \equiv 193^2 = 37249 \equiv 129 \mod 256 \]
\[ 5^{64} \equiv 129^2 = 16641 \equiv 1 \mod 256 \]

So:
\[ 5^{74} = 5^{64} \times 5^8 \times 5^2 \equiv 1 \times 225 \times 25 \equiv 5625 \equiv 249 \mod 256 \]

Thus:
\[ 5^{1994} \equiv 249 \mod 256 \]

### Step 2: Compute \(5^{1994} \mod 390625\)

Since \(5^{1994}\) is divisible by \(5^8\):
\[ 5^{1994} \equiv 0 \mod 390625 \]

### Step 3: Combine Results using CRT

We need to find \(x\) such that:
\[ x \equiv 249 \mod 256 \]
\[ x \equiv 0 \mod 390625 \]

Let \(x = 390625k\). Then:
\[ 390625k \equiv 249 \mod 256 \]

We need to find \(k\) such that:
\[ 390625k \equiv 249 \mod 256 \]

First, compute \(390625 \mod 256\):
\[ 390625 \div 256 = 1526 \text{ remainder } 225 \]
So:
\[ 390625 \equiv 225 \mod 256 \]

Thus:
\[ 225k \equiv 249 \mod 256 \]

To solve this, we need the modular inverse of \(225 \mod 256\). Using the Extended Euclidean Algorithm, we find that the inverse of \(225\) is \(33\):
\[ 225 \times 33 \equiv 1 \mod 256 \]

So:
\[ k \equiv 249 \times 33 \mod 256 \]
\[ 249 \times 33 = 8217 \]
\[ 8217 \div 256 = 32 \text{ remainder } 25 \]
So:
\[ k \equiv 25 \mod 256 \]

Thus:
\[ x = 390625 \times 25 = 9765625 \]

The last 8 digits of \(5^{1994}\) are:
\[ \boxed{09765625} \]

Solution 4:
To find the last 8 digits of \(5^{1994}\), we need to compute \(5^{1994} \mod 10^8\). We use the Chinese Remainder Theorem by considering the modulus \(10^8 = 2^8 \times 5^8\).

1. **Modulo \(5^8\):**
   Since \(5^{1994}\) is a multiple of \(5^8\), we have:
   \[
   5^{1994} \equiv 0 \mod 390625
   \]

2. **Modulo \(2^8\):**
   We need to compute \(5^{1994} \mod 256\). Using Euler's theorem, since \(\phi(256) = 128\), we have:
   \[
   5^{128} \equiv 1 \mod 256
   \]
   Therefore,
   \[
   5^{1994} = 5^{128 \times 15 + 94} = (5^{128})^{15} \times 5^{94} \equiv 1^{15} \times 5^{94} \equiv 5^{94} \mod 256
   \]
   Using exponentiation by squaring:
   \[
   5^1 \equiv 5 \mod 256
   \]
   \[
   5^2 \equiv 25 \mod 256
   \]
   \[
   5^4 \equiv 113 \mod 256
   \]
   \[
   5^8 \equiv 225 \mod 256
   \]
   \[
   5^{16} \equiv 193 \mod 256
   \]
   \[
   5^{32} \equiv 129 \mod 256
   \]
   \[
   5^{64} \equiv 1 \mod 256
   \]
   Combining these results:
   \[
   5^{94} = 5^{64} \times 5^{16} \times 5^8 \times 5^4 \times 5^2 \equiv 1 \times 193 \times 225 \times 113 \times 25 \mod 256
   \]
   Calculating step-by-step:
   \[
   193 \times 225 \equiv 161 \mod 256
   \]
   \[
   161 \times 113 \equiv 17 \mod 256
   \]
   \[
   17 \times 25 \equiv 169 \mod 256
   \]
   Thus,
   \[
   5^{1994} \equiv 169 \mod 256
   \]

3. **Combining results using the Chinese Remainder Theorem:**
   We need \(x\) such that:
   \[
   x \equiv 0 \mod 390625 \quad \text{and} \quad x \equiv 169 \mod 256
   \]
   Let \(x = 390625k\). Then:
   \[
   390625k \equiv 169 \mod 256
   \]
   Since \(390625 \equiv 225 \mod 256\), we solve:
   \[
   225k \equiv 169 \mod 256
   \]
   The modular inverse of 225 modulo 256 is 33. Thus:
   \[
   k \equiv 169 \times 33 \mod 256 \equiv 201 \mod 256
   \]
   Therefore, \(x = 390625 \times 201\). Calculating:
   \[
   390625 \times 201 = 78515625
   \]

The last 8 digits of \(5^{1994}\) are \(\boxed{78515625}\).

Solution 5:
To find the last 8 digits of \(5^{1994}\), we need to compute \(5^{1994} \mod 10^8\). We use the Chinese Remainder Theorem (CRT) by breaking the modulus into \(2^8\) and \(5^8\).

### Step 1: Compute \(5^{1994} \mod 256\)
Since \(5\) and \(256\) are coprime, we can use Euler's theorem:
\[
\phi(256) = 256 \cdot \left(1 - \frac{1}{2}\right) = 128
\]
Thus, \(5^{128} \equiv 1 \mod 256\).

Next, we reduce the exponent:
\[
1994 \mod 128 = 74
\]
So,
\[
5^{1994} \equiv 5^{74} \mod 256
\]

We use modular exponentiation to compute \(5^{74} \mod 256\):
\[
5^2 \equiv 25 \mod 256
\]
\[
5^4 \equiv 113 \mod 256
\]
\[
5^8 \equiv 225 \mod 256
\]
\[
5^{16} \equiv 193 \mod 256
\]
\[
5^{32} \equiv 129 \mod 256
\]
\[
5^{64} \equiv 1 \mod 256
\]

Now, decompose \(5^{74}\):
\[
5^{74} = 5^{64} \cdot 5^8 \cdot 5^2 \equiv 1 \cdot 225 \cdot 25 \equiv 249 \mod 256
\]

### Step 2: Compute \(5^{1994} \mod 390625\)
Since \(5^{1994}\) is divisible by \(5^8\),
\[
5^{1994} \equiv 0 \mod 390625
\]

### Step 3: Combine results using CRT
We need to solve the system:
\[
x \equiv 249 \mod 256
\]
\[
x \equiv 0 \mod 390625
\]

Let \(x = 390625k\). Then,
\[
390625k \equiv 249 \mod 256
\]

Compute \(390625 \mod 256\):
\[
390625 \div 256 = 1525 \quad \text{remainder} \quad 225 \implies 390625 \equiv 225 \mod 256
\]

Thus, we solve:
\[
225k \equiv 249 \mod 256
\]

Find the inverse of 225 modulo 256 using the Extended Euclidean Algorithm:
\[
225 \cdot 33 \equiv 1 \mod 256
\]

So,
\[
k \equiv 249 \cdot 33 \mod 256 \equiv 8217 \mod 256 \equiv 25 \mod 256
\]

Thus,
\[
k = 25 + 256m
\]

Therefore,
\[
x = 390625 \cdot 25 = 9765625
\]

### Final Answer
The last 8 digits of \(5^{1994}\) are:
\[
\boxed{09765625}
\]

Solution 6:
To find the last 8 digits of \(5^{1994}\), we need to compute \(5^{1994} \mod 100000000\). We can use the Chinese Remainder Theorem by breaking down the modulus into \(2^8\) and \(5^8\).

1. **Modulo \(5^8\):**
   Since \(1994 \geq 8\), \(5^{1994}\) is divisible by \(5^8\). Thus,
   \[
   5^{1994} \equiv 0 \mod 390625.
   \]

2. **Modulo \(2^8\):**
   We use Euler's theorem. Since \(\phi(256) = 128\), we have \(5^{128} \equiv 1 \mod 256\). We compute \(1994 \mod 128\):
   \[
   1994 = 128 \times 15 + 74 \implies 1994 \equiv 74 \mod 128.
   \]
   Thus,
   \[
   5^{1994} \equiv 5^{74} \mod 256.
   \]
   Using exponentiation by squaring, we compute:
   \[
   5^2 \equiv 25 \mod 256, \\
   5^4 \equiv 113 \mod 256, \\
   5^8 \equiv 225 \mod 256, \\
   5^{16} \equiv 193 \mod 256, \\
   5^{32} \equiv 129 \mod 256, \\
   5^{64} \equiv 1 \mod 256.
   \]
   Therefore,
   \[
   5^{74} = 5^{64} \cdot 5^8 \cdot 5^2 \equiv 1 \cdot 225 \cdot 25 \mod 256.
   \]
   We compute \(225 \cdot 25 \mod 256\):
   \[
   225 \cdot 25 = 5625 \equiv 249 \mod 256.
   \]
   Hence,
   \[
   5^{74} \equiv 249 \mod 256.
   \]

3. **Combining Results:**
   We need \(x\) such that:
   \[
   x \equiv 0 \mod 390625 \quad \text{and} \quad x \equiv 249 \mod 256.
   \]
   Let \(x = 390625k\). Then,
   \[
   390625k \equiv 249 \mod 256.
   \]
   Since \(390625 \equiv 225 \mod 256\), we solve:
   \[
   225k \equiv 249 \mod 256.
   \]
   The modular inverse of 225 modulo 256 is 33. Thus,
   \[
   k \equiv 249 \times 33 \mod 256 \equiv 25 \mod 256.
   \]
   Hence,
   \[
   x = 390625 \times 25 = 9765625.
   \]

Therefore, the last 8 digits of \(5^{1994}\) are \(\boxed{09765625}\).

Solution 7:
To find the last 8 digits of \(5^{1994}\), we need to compute \(5^{1994} \mod 10^8\). 

First, note that \(10^8 = 2^8 \times 5^8\). Since \(5^{1994}\) is divisible by \(5^8\), we can write \(5^{1994} = 5^8 \times 5^{1986}\). Therefore, we need to compute \(5^{1986} \mod 256\) (since \(10^8 / 5^8 = 256\)) and then multiply the result by \(5^8\) modulo \(10^8\).

Using Euler's theorem, since \(5\) and \(256\) are coprime, we have \(\phi(256) = 128\), and thus \(5^{128} \equiv 1 \mod 256\). Therefore, we can reduce the exponent \(1986\) modulo \(128\):

\[
1986 = 128 \times 15 + 66 \implies 5^{1986} \equiv (5^{128})^{15} \times 5^{66} \equiv 1^{15} \times 5^{66} \equiv 5^{66} \mod 256
\]

Next, we compute \(5^{66} \mod 256\) using repeated squaring:

\[
\begin{align*}
5^1 &\equiv 5 \mod 256, \\
5^2 &\equiv 25 \mod 256, \\
5^4 &\equiv 25^2 = 625 \equiv 113 \mod 256, \\
5^8 &\equiv 113^2 = 12769 \equiv 225 \mod 256, \\
5^{16} &\equiv 225^2 = 50625 \equiv 193 \mod 256, \\
5^{32} &\equiv 193^2 = 37249 \equiv 145 \mod 256, \\
5^{64} &\equiv 145^2 = 21025 \equiv 33 \mod 256, \\
5^{66} &\equiv 5^{64} \times 5^2 \equiv 33 \times 25 = 825 \equiv 57 \mod 256.
\end{align*}
\]

Thus, \(5^{1986} \equiv 57 \mod 256\).

Now, we compute \(5^{1994} \mod 10^8\):

\[
5^{1994} = 5^8 \times 5^{1986} \equiv 5^8 \times 57 \mod 10^8
\]

Since \(5^8 = 390625\), we have:

\[
390625 \times 57 = 22265625
\]

Since \(22265625\) is less than \(10^8\), the last 8 digits of \(5^{1994}\) are \(\boxed{22265625}\).

Solution 8:
To find the last 8 digits of \(5^{1994}\), we need to compute \(5^{1994} \mod 10^8\). We will use the Chinese Remainder Theorem by breaking this into two congruences:
1. \(5^{1994} \mod 256\)
2. \(5^{1994} \mod 390625\)

First, consider \(5^{1994} \mod 390625\):
Since \(5^8 = 390625\), we have:
\[ 5^{1994} \equiv 0 \mod 390625 \]

Next, consider \(5^{1994} \mod 256\):
Since \(256 = 2^8\) and \(\phi(256) = 128\), by Euler's theorem:
\[ 5^{128} \equiv 1 \mod 256 \]
Thus:
\[ 5^{1994} = 5^{128 \cdot 15 + 94} = (5^{128})^{15} \cdot 5^{94} \equiv 1^{15} \cdot 5^{94} \equiv 5^{94} \mod 256 \]

Now, we compute \(5^{94} \mod 256\) using exponentiation by squaring:
\[
\begin{align*}
5^1 &\equiv 5 \mod 256, \\
5^2 &\equiv 25 \mod 256, \\
5^4 &\equiv 113 \mod 256, \\
5^8 &\equiv 225 \mod 256, \\
5^{16} &\equiv 193 \mod 256, \\
5^{32} &\equiv 129 \mod 256, \\
5^{64} &\equiv 1 \mod 256.
\end{align*}
\]
Combining these:
\[
5^{94} = 5^{64} \cdot 5^{16} \cdot 5^8 \cdot 5^4 \cdot 5^2 \equiv 1 \cdot 193 \cdot 225 \cdot 113 \cdot 25 \mod 256
\]
Calculating step-by-step:
\[
193 \cdot 225 \equiv 161 \mod 256, \\
161 \cdot 113 \equiv 17 \mod 256, \\
17 \cdot 25 \equiv 169 \mod 256.
\]
Thus:
\[ 5^{1994} \equiv 169 \mod 256 \]

Now, we solve the system:
\[
\begin{cases}
x \equiv 0 \mod 390625, \\
x \equiv 169 \mod 256.
\end{cases}
\]
Let \(x = 390625k\). Then:
\[ 390625k \equiv 169 \mod 256 \]
Since \(390625 \equiv 225 \mod 256\), we solve:
\[ 225k \equiv 169 \mod 256 \]
The modular inverse of 225 modulo 256 is 33, so:
\[ k \equiv 169 \cdot 33 \mod 256 \equiv 201 \mod 256 \]
Thus, \(k = 201 + 256m\) and:
\[ x = 390625 \cdot 201 + 390625 \cdot 256m \]
Since \(390625 \cdot 256 = 10^8\), we find:
\[ x \equiv 390625 \cdot 201 \mod 10^8 \equiv 78515625 \mod 10^8 \]

Therefore, the last 8 digits of \(5^{1994}\) are \(\boxed{78515625}\).

Solution 9:
To find the last 8 digits of \(5^{1994}\), we need to compute \(5^{1994} \mod 10^8\). We will use the Chinese Remainder Theorem (CRT) by breaking the modulus into \(2^8 = 256\) and \(5^8 = 390625\).

1. **Modulo \(256\)**:
   - By Euler's theorem, since \(\phi(256) = 128\), we have \(5^{128} \equiv 1 \mod 256\).
   - We need \(5^{1994} \mod 256\). First, compute \(1994 \mod 128\):
     \[
     1994 \div 128 = 15 \quad \text{remainder} \quad 74
     \]
     Thus, \(1994 \equiv 74 \mod 128\).
   - Therefore, \(5^{1994} \equiv 5^{74} \mod 256\).
   - We compute \(5^{74} \mod 256\) using exponentiation by squaring:
     \[
     5^2 \equiv 25 \mod 256
     \]
     \[
     5^4 \equiv 625 \equiv 113 \mod 256
     \]
     \[
     5^8 \equiv 113^2 \equiv 12769 \equiv 225 \mod 256
     \]
     \[
     5^{16} \equiv 225^2 \equiv 50625 \equiv 193 \mod 256
     \]
     \[
     5^{32} \equiv 193^2 \equiv 37249 \equiv 129 \mod 256
     \]
     \[
     5^{64} \equiv 129^2 \equiv 16641 \equiv 1 \mod 256
     \]
     \[
     5^{74} = 5^{64} \cdot 5^8 \cdot 5^2 \equiv 1 \cdot 225 \cdot 25 \equiv 5625 \equiv 249 \mod 256
     \]
   - Therefore, \(5^{1994} \equiv 249 \mod 256\).

2. **Modulo \(390625\)**:
   - Since \(1994 \geq 8\), \(5^{1994}\) is divisible by \(5^8\), so:
     \[
     5^{1994} \equiv 0 \mod 390625
     \]

3. **Combining Results with CRT**:
   - We need \(x\) such that:
     \[
     x \equiv 249 \mod 256
     \]
     \[
     x \equiv 0 \mod 390625
     \]
   - Let \(x = 390625k\). Then:
     \[
     390625k \equiv 249 \mod 256
     \]
   - Since \(390625 \equiv 225 \mod 256\), we solve:
     \[
     225k \equiv 249 \mod 256
     \]
   - The modular inverse of 225 modulo 256 is 33. Thus:
     \[
     k \equiv 249 \times 33 \mod 256
     \]
     \[
     249 \times 33 = 8217
     \]
     \[
     8217 \mod 256 = 25
     \]
     Therefore, \(k \equiv 25 \mod 256\).
   - Hence, \(x = 390625 \times 25 = 9765625\).

The last 8 digits of \(5^{1994}\) are \(\boxed{09765625}\).

Solution 10:
To find the last 8 digits of \(5^{1994}\), we need to compute \(5^{1994} \mod 10^8\). We start by decomposing \(10^8\) into its prime factors, \(2^8\) and \(5^8\).

Since \(5^{1994}\) is divisible by \(5^8\), we have:
\[ 5^{1994} \equiv 0 \mod 5^8. \]

Next, we need to find \(5^{1994} \mod 2^8\). Using Euler's theorem, we know that \(\phi(2^8) = 128\), so:
\[ 5^{128} \equiv 1 \mod 256. \]

We express \(5^{1994}\) as:
\[ 5^{1994} = 5^8 \cdot 5^{1986}. \]

To find \(5^{1986} \mod 256\), we note that:
\[ 1986 = 128 \cdot 15 + 66, \]
so:
\[ 5^{1986} \equiv 5^{66} \mod 256. \]

We calculate \(5^{66} \mod 256\) using exponentiation by squaring:
\[ 5^2 = 25, \]
\[ 5^4 = 25^2 = 625 \equiv 113 \mod 256, \]
\[ 5^8 = 113^2 = 12769 \equiv 225 \mod 256, \]
\[ 5^{16} = 225^2 = 50625 \equiv 193 \mod 256, \]
\[ 5^{32} = 193^2 = 37249 \equiv 129 \mod 256, \]
\[ 5^{64} = 129^2 = 16641 \equiv 1 \mod 256. \]

Thus:
\[ 5^{66} = 5^{64} \cdot 5^2 \equiv 1 \cdot 25 \equiv 25 \mod 256. \]

Now, we need to solve the system of congruences:
\[ x \equiv 0 \mod 5^8, \]
\[ x \equiv 25 \mod 256. \]

Let \( x = 5^8 \cdot k \). Then:
\[ 5^8 \cdot k \equiv 25 \mod 256. \]

Since \(5^8 = 390625\), we have:
\[ 390625 \equiv 225 \mod 256, \]
so:
\[ 225k \equiv 25 \mod 256. \]

To solve for \(k\), we find the inverse of 225 modulo 256. Using the Extended Euclidean Algorithm:
\[ 256 = 225 \cdot 1 + 31, \]
\[ 225 = 31 \cdot 7 + 8, \]
\[ 31 = 8 \cdot 3 + 7, \]
\[ 8 = 7 \cdot 1 + 1, \]
\[ 7 = 7 \cdot 1 + 0. \]

Back-substituting, we get:
\[ 1 = 8 - 7 = 8 - (31 - 8 \cdot 3) = 8 \cdot 4 - 31 = (225 - 31 \cdot 7) \cdot 4 - 31 = 225 \cdot 4 - 31 \cdot 31 = 225 \cdot 4 - (256 - 225) \cdot 31 = 225 \cdot 35 - 256 \cdot 31. \]

Thus, the inverse of 225 modulo 256 is 35. Therefore:
\[ k \equiv 25 \cdot 35 \mod 256, \]
\[ k \equiv 875 \mod 256, \]
\[ k \equiv 57 \mod 256. \]

So:
\[ x = 5^8 \cdot 57 = 390625 \cdot 57. \]

Calculating \(390625 \cdot 57\):
\[ 390625 \cdot 57 = 390625 \cdot 50 + 390625 \cdot 7 = 19531250 + 2734375 = 22265625. \]

Thus, the last 8 digits of \(5^{1994}\) are \(\boxed{22265625}\).

Solution 11:
To find the last 8 digits of \(5^{1994}\), we need to compute \(5^{1994} \mod 10^8\). This can be done by breaking the problem into two parts using the Chinese Remainder Theorem: finding \(5^{1994} \mod 5^8\) and \(5^{1994} \mod 2^8\).

1. **Modulo \(5^8\):**
   Since \(5^{1994}\) is clearly divisible by \(5^8\), we have:
   \[
   5^{1994} \equiv 0 \mod 5^8
   \]

2. **Modulo \(2^8\):**
   Using Euler's theorem, \(\phi(2^8) = 128\), so \(5^{128} \equiv 1 \mod 256\). We can express \(1994\) as:
   \[
   1994 = 128 \cdot 15 + 74
   \]
   Thus:
   \[
   5^{1994} = 5^{128 \cdot 15 + 74} = (5^{128})^{15} \cdot 5^{74} \equiv 1^{15} \cdot 5^{74} \equiv 5^{74} \mod 256
   \]
   Now, we need to compute \(5^{74} \mod 256\):
   \[
   \begin{align*}
   5^1 &\equiv 5 \mod 256, \\
   5^2 &\equiv 25 \mod 256, \\
   5^4 &\equiv 625 \equiv 113 \mod 256, \\
   5^8 &\equiv 113^2 = 12769 \equiv 225 \mod 256, \\
   5^{16} &\equiv 225^2 = 50625 \equiv 193 \mod 256, \\
   5^{32} &\equiv 193^2 = 37249 \equiv 31 \mod 256, \\
   5^{64} &\equiv 31^2 = 961 \equiv 193 \mod 256.
   \end{align*}
   \]
   Therefore:
   \[
   5^{74} = 5^{64} \cdot 5^8 \cdot 5^2 \equiv 193 \cdot 225 \cdot 25 \mod 256
   \]
   Calculating step-by-step:
   \[
   193 \cdot 225 = 43425 \equiv 161 \mod 256
   \]
   \[
   161 \cdot 25 = 4025 \equiv 185 \mod 256
   \]
   Thus:
   \[
   5^{1994} \equiv 185 \mod 256
   \]

3. **Combining Results Using the Chinese Remainder Theorem:**
   We need \(x\) such that:
   \[
   x \equiv 0 \mod 390625 \quad \text{and} \quad x \equiv 185 \mod 256
   \]
   Let \(x = 390625k\). Then:
   \[
   390625k \equiv 185 \mod 256
   \]
   Simplifying \(390625 \mod 256\):
   \[
   390625 \equiv 225 \mod 256
   \]
   So, we solve:
   \[
   225k \equiv 185 \mod 256
   \]
   The modular inverse of \(225 \mod 256\) is 33. Thus:
   \[
   k \equiv 185 \cdot 33 \mod 256 \equiv 6105 \equiv 217 \mod 256
   \]
   Therefore:
   \[
   x = 390625 \cdot 217 \mod 10^8
   \]
   Calculating:
   \[
   390625 \cdot 217 = 8465625 \quad \text{(last 8 digits: 84765625)}
   \]

The last 8 digits of \(5^{1994}\) are \(\boxed{84765625}\).

Solution 12:
To find the last 8 digits of \(5^{1994}\), we need to compute \(5^{1994} \mod 10^8\). We will use the Chinese Remainder Theorem (CRT) to break this into two parts: modulo \(2^8\) and modulo \(5^8\).

1. **Modulo \(5^8\):**
   Since \(5^{1994}\) is divisible by \(5^8\), we have:
   \[
   5^{1994} \equiv 0 \mod 390625
   \]
   where \(390625 = 5^8\).

2. **Modulo \(2^8\):**
   We need to compute \(5^{1994} \mod 256\). Using Euler's theorem, since \(\phi(256) = 128\), we have:
   \[
   5^{128} \equiv 1 \mod 256
   \]
   Calculating the exponent modulo 128:
   \[
   1994 \mod 128 = 74
   \]
   Thus:
   \[
   5^{1994} \equiv 5^{74} \mod 256
   \]

   Next, compute \(5^{74} \mod 256\) using exponentiation by squaring:
   \[
   5^2 \equiv 25 \mod 256
   \]
   \[
   5^4 \equiv 25^2 = 625 \equiv 113 \mod 256
   \]
   \[
   5^8 \equiv 113^2 = 12769 \equiv 225 \mod 256
   \]
   \[
   5^{16} \equiv 225^2 = 50625 \equiv 193 \mod 256
   \]
   \[
   5^{32} \equiv 193^2 = 37249 \equiv 129 \mod 256
   \]
   \[
   5^{64} \equiv 129^2 = 16641 \equiv 1 \mod 256
   \]
   \[
   5^{74} = 5^{64} \cdot 5^8 \cdot 5^2 \equiv 1 \cdot 225 \cdot 25 = 5625 \equiv 249 \mod 256
   \]

   Therefore:
   \[
   5^{1994} \equiv 249 \mod 256
   \]

3. **Combining Results with CRT:**
   We need \(N\) such that:
   \[
   N \equiv 0 \mod 390625
   \]
   \[
   N \equiv 249 \mod 256
   \]
   Let \(N = 390625k\). Then:
   \[
   390625k \equiv 249 \mod 256
   \]
   Compute \(390625 \mod 256\):
   \[
   390625 \mod 256 = 225
   \]
   Solving \(225k \equiv 249 \mod 256\), the modular inverse of 225 modulo 256 is 33:
   \[
   k \equiv 249 \cdot 33 \mod 256 \equiv 25 \mod 256
   \]
   Thus:
   \[
   N = 390625 \cdot 25 = 9765625
   \]

Therefore, the last 8 digits of \(5^{1994}\) are \(\boxed{09765625}\).

Solution 13:
To find the last 8 digits of \(5^{1994}\), we need to compute \(5^{1994} \mod 10^8\). We can use the Chinese Remainder Theorem (CRT) for this purpose, as \(10^8 = 2^8 \times 5^8\).

1. **Step 1: Compute \(5^{1994} \mod 5^8\)**

Since \(5^{1994}\) is divisible by \(5^8\), we have:
\[
5^{1994} \equiv 0 \mod 5^8
\]

2. **Step 2: Compute \(5^{1994} \mod 2^8\)**

Using Euler's theorem, since \(\gcd(5, 256) = 1\):
\[
\phi(256) = 256 \left(1 - \frac{1}{2}\right) = 128
\]
\[
5^{128} \equiv 1 \mod 256
\]
We reduce the exponent \(1994\) modulo \(128\):
\[
1994 \mod 128 = 74
\]
Thus:
\[
5^{1994} \equiv 5^{74} \mod 256
\]
Next, we compute \(5^{74} \mod 256\). We can break it down further:
\[
5^{64} \equiv 1 \mod 256
\]
Thus:
\[
5^{74} = 5^{64} \times 5^{10} \equiv 1 \times 5^{10} \mod 256
\]
Now compute \(5^{10} \mod 256\):
\[
5^{10} = 25^5
\]
Using successive squaring:
\[
25^2 = 625 \equiv 113 \mod 256
\]
\[
25^4 = 113^2 = 12769 \equiv 225 \mod 256
\]
\[
25^5 = 25^4 \times 25 \equiv 225 \times 25 = 5625 \equiv 5625 - 22 \times 256 = 5625 - 5632 = -7 \equiv 249 \mod 256
\]
So:
\[
5^{1994} \equiv 249 \mod 256
\]

3. **Step 3: Combine results using the Chinese Remainder Theorem**

We have:
\[
5^{1994} \equiv 0 \mod 5^8
\]
\[
5^{1994} \equiv 249 \mod 256
\]

We need to find \(x\) such that:
\[
x \equiv 0 \mod 390625
\]
\[
x \equiv 249 \mod 256
\]

Since \(x = 390625k\) for some integer \(k\), we need:
\[
390625k \equiv 249 \mod 256
\]
Simplifying \(390625 \mod 256\):
\[
390625 \equiv 25 \mod 256
\]
Thus:
\[
25k \equiv 249 \mod 256
\]

To solve this, we need the multiplicative inverse of 25 modulo 256. Using the Extended Euclidean Algorithm:
\[
256 = 10 \times 25 + 6
\]
\[
25 = 4 \times 6 + 1
\]
\[
1 = 25 - 4 \times 6
\]
\[
6 = 256 - 10 \times 25
\]
\[
1 = 25 - 4 \times (256 - 10 \times 25) = 41 \times 25 - 4 \times 256
\]
Thus, the inverse of 25 modulo 256 is 41. Therefore:
\[
k \equiv 249 \times 41 \mod 256
\]
\[
249 \times 41 = 10109 \equiv 10109 - 39 \times 256 = 10109 - 9984 = 125 \mod 256
\]
Thus:
\[
k \equiv 125 \mod 256
\]
So:
\[
x = 390625 \times 125 = 48828125
\]
Finally, we take:
\[
48828125 \mod 10^8 = 09765625
\]

Therefore, the last 8 digits of \(5^{1994}\) are \(\boxed{09765625}\).

Evaluation Process:

1. Initial Screening
  - Group solutions by their final answers
  - Identify and explain mathematical contradictions between different answers
  - Eliminate solutions with clear mathematical errors

2. Detailed Analysis
  For remaining solutions, evaluate:
  - Mathematical precision and accuracy
  - Logical progression of steps
  - Completeness of mathematical reasoning
  - Proper use of mathematical notation, including \boxed{}
  - Handling of edge cases or special conditions
  - For solutions containing and addressing errors, evaluate the error identification and correction methodology.

3. Solution Comparison
  Compare viable solutions based on:
  - Efficiency of approach
  - Clarity of mathematical reasoning
  - Sophistication of method
  - Robustness of solution (works for all cases)

Your response should include:
1. Brief analysis of conflicting answers
2. Detailed evaluation of mathematically sound solutions
3. Justification for eliminating incorrect solutions
4. Clear explanation for selecting the best approach

End your evaluation with exactly:
Judgment: [IDX]
where IDX is the index 0-13 of the best solution.",09765625,nt_modular,genselect
bigmath_0fa817fe,"Monica and Sheila are twins. Their mother gave them $50 and told them to buy some toilet paper and spend the remainder on groceries. The toilet paper cost $12. They bought apples, butter, eggs, and a large ham for twice the cost of the toilet paper. Since they still had some leftover money, they called their mother and she gave them permission to buy whatever they wanted for themselves as long as they shared the money evenly. They saw some boots they really liked, but a pair of boots costs 3 times the amount they had left. How much more would Monica and Sheila each have to add of their own money to buy two pairs of boots?",35,nt_modular,bigmath
bigmath_8918f048,"In a three-day MLB game between Team A and Team B, the ratio of misses to hits and types of hits varies each day for both teams. On the first day, Team A has twice as many misses as hits (with 60 misses), while Team B has three times as many misses as hits (with 90 misses). For each team, half of their hits on the first day are home runs and the other half are singles.

On the second day, Team A has four times as many misses as hits (with 68 misses), while Team B has two times as many misses as hits (with 56 misses). On this day, one-third of each team's hits are doubles and the remainder are singles.

On the third day, the ratio of misses to hits for both teams is 5:1. Team A has 100 misses, and Team B has 120 misses. For third day hits of both teams, one-fourth are triples, one-fourth are home runs, and the remaining hits are singles.

Calculate the combined total of misses, singles, doubles, triples, and home runs for Team A and Team B made during the entire three-day game.",643,nt_modular,bigmath
bigmath_121035c6,"
Professor Severus Snape brewed three potions, each with a volume of 480 ml. The first potion makes the drinker intelligent, the second one makes them beautiful, and the third one makes them strong. To have an effect, one must drink at least 30 ml of any potion. Snape left the potions on his desk in labeled large jugs when he was called away. Harry, Hermione, and Ron then tried the potions.

Hermione drank half of the first jug (intelligence potion) and then poured the remaining potion into the second jug (beauty potion), mixed it thoroughly, and drank half of it. Harry drank half of the third jug (strength potion) and poured the remainder into the second jug, mixed it thoroughly, and drank half of it. Now all the potion is in the second jug, which is left for Ron. What percentage of the contents of this jug must Ron drink to ensure that each of the three potions will have an effect on him?

",50,nt_modular,bigmath
bigmath_9a52542a,"Mobius is the fastest mule in Italy. She can run at a top speed of 13 miles per hour when she is without any load to carry. When carrying a light load, her top speed decreases to 12 miles per hour, and it further decreases to 11 miles per hour when carrying a typical load. If she travels the 257 miles from Florence, Italy to Naples, Italy at her top speed while carrying a typical load for the first 120 miles and a light load for the remainder of the way, then returns to Florence at her usual top speed without carrying a load, how long, in hours, will the trip take if she takes three rest stops during the first half of the trip with durations of 20, 25, and 35 minutes and two rest stops during the second half of the trip with durations of 45 and 30 minutes?",44.6783,nt_modular,bigmath
bigmath_726b181a,"In Alaska the commercial Cod fishing season runs from January 1 - August 1 lasting exactly 7 months, or 213 days on a non-leap year. Two fishermen are competing against each other to see who can earn more profit. The first fisherman plans to catch fish at a certain rate per day for the entire season. The second fisherman is a novice who will need to start more slowly. He plans to catch only 1 fish per day during the first 30 days, 2 fish per day during the next 60 days, and then 4 fish per day during the remainder of the season. At the end of the season, the fisherman who catches the higher number of fish caught 3 more fish. How many fish does the first fisherman plan to catch per day?",3,nt_modular,bigmath
genselect_495f0f81,"You will be given a challenging math problem followed by 4 solutions. Your task is to systematically analyze these solutions to identify the most mathematically sound approach.

Input Format:
Problem: A complex mathematical word problem at advanced high school or college level
Solutions: Detailed solutions indexed 0-3, each concluding with an answer in \boxed{} notation

YOUR TASK

Problem: How many ways can the number $2885$ be expressed as the sum of two perfect squares?

Solutions:
Solution 0:
To determine how many ways the number \(2885\) can be expressed as the sum of two perfect squares, we start by factorizing \(2885\) into its prime components:

\[
2885 = 5 \times 577
\]

Both \(5\) and \(577\) are prime numbers. We check their congruency modulo 4:

\[
5 \equiv 1 \pmod{4} \quad \text{and} \quad 577 \equiv 1 \pmod{4}
\]

According to Fermat's theorem on sums of two squares, a prime number congruent to \(1 \pmod{4}\) can be expressed as a sum of two squares. The number of representations of a product of such primes is given by considering the exponents of these primes in the factorization. For a number \(n = 2^a \prod_{p_i \equiv 1 \pmod{4}} p_i^{k_i} \prod_{q_j \equiv 3 \pmod{4}} q_j^{m_j}\), the number of representations as a sum of two squares (considering order and sign) is \(4 \prod (k_i + 1)\) if all \(m_j\) are even. Here, \(2885 = 5^1 \times 577^1\), so the number of representations is:

\[
4 \times (1+1) \times (1+1) = 16
\]

However, this count includes all ordered pairs with signs. Since the problem asks for the number of ways to express \(2885\) as the sum of two perfect squares (non-negative integers, unordered), we need to adjust for the fact that each pair \((a, b)\) with \(a \leq b\) is counted 8 times (4 for signs and 2 for order). Thus, the number of distinct unordered pairs is:

\[
\frac{16}{8} = 2
\]

To verify, we check possible values of \(a\) and \(b\) such that \(a^2 + b^2 = 2885\):

- For \(a = 22\), \(b = 49\):
  \[
  22^2 + 49^2 = 484 + 2401 = 2885
  \]

- For \(a = 26\), \(b = 47\):
  \[
  26^2 + 47^2 = 676 + 2209 = 2885
  \]

Thus, the pairs \((22, 49)\) and \((26, 47)\) are the only solutions. Therefore, the number of ways to express \(2885\) as the sum of two perfect squares is:

\[
\boxed{2}
\]

Solution 1:
To determine how many ways the number \(2885\) can be expressed as the sum of two perfect squares, we start by factorizing \(2885\). The prime factorization is:

\[
2885 = 5 \times 577
\]

Both \(5\) and \(577\) are primes congruent to \(1 \mod 4\). According to the sum of squares theorem, a number can be expressed as a sum of two squares if all primes congruent to \(3 \mod 4\) in its factorization have even exponents. Since both \(5\) and \(577\) are \(1 \mod 4\), \(2885\) can indeed be expressed as a sum of two squares.

The number of representations of a number as a sum of two squares, considering all permutations and sign changes, is given by the formula:

\[
4 \times (e_1 + 1)(e_2 + 1) \cdots
\]

where \(e_i\) are the exponents of the primes congruent to \(1 \mod 4\). Here, both primes \(5\) and \(577\) have exponents of \(1\). Therefore, the number of representations is:

\[
4 \times (1 + 1)(1 + 1) = 4 \times 2 \times 2 = 16
\]

To verify, we express \(5\) and \(577\) as sums of squares:

\[
5 = 1^2 + 2^2
\]
\[
577 = 1^2 + 24^2
\]

Using the Brahmagupta-Fibonacci identity, we find the products of these sums:

\[
(1^2 + 2^2)(1^2 + 24^2) = (1 \cdot 1 - 2 \cdot 24)^2 + (1 \cdot 24 + 2 \cdot 1)^2 = (-47)^2 + 26^2 = 47^2 + 26^2
\]
\[
(1^2 + 2^2)(1^2 + 24^2) = (1 \cdot 1 + 2 \cdot 24)^2 + (1 \cdot 24 - 2 \cdot 1)^2 = 49^2 + 22^2
\]

Thus, the two distinct pairs are \((47, 26)\) and \((49, 22)\). Each pair can be permuted and signed in 8 ways (considering all combinations of signs and order), leading to:

\[
8 \times 2 = 16 \text{ representations}
\]

Therefore, the number of ways to express \(2885\) as the sum of two perfect squares is:

\[
\boxed{16}
\]

Solution 2:
To determine how many ways the number \(2885\) can be expressed as the sum of two perfect squares, we start by factoring \(2885\).

First, we factorize \(2885\):
\[
2885 = 5 \times 577
\]
Both \(5\) and \(577\) are primes. Checking their congruences modulo 4:
\[
5 \equiv 1 \pmod{4}
\]
\[
577 \equiv 1 \pmod{4}
\]
Since both primes are congruent to \(1 \pmod{4}\), they can each be expressed as the sum of two squares.

Next, we use the identity for the product of sums of squares:
\[
(a^2 + b^2)(c^2 + d^2) = (ac - bd)^2 + (ad + bc)^2 = (ac + bd)^2 + (ad - bc)^2
\]

Expressing each prime as a sum of squares:
\[
5 = 2^2 + 1^2
\]
\[
577 = 24^2 + 1^2
\]

Using the identity, we multiply these sums:
\[
(2^2 + 1^2)(24^2 + 1^2) = [(2 \times 24 - 1 \times 1)^2 + (2 \times 1 + 1 \times 24)^2] = (47^2 + 26^2)
\]
\[
= [(2 \times 24 + 1 \times 1)^2 + (2 \times 1 - 1 \times 24)^2] = (49^2 + 22^2)
\]

Thus, the pairs \((26, 47)\) and \((22, 49)\) are the solutions. Considering the problem requires unordered pairs of non-negative integers, these are the only distinct pairs.

Therefore, the number of ways to express \(2885\) as the sum of two perfect squares is:
\[
\boxed{2}
\]

Solution 3:
To determine how many ways the number \(2885\) can be expressed as the sum of two perfect squares, we start by factorizing \(2885\) into its prime factors.

1. **Factorization**:
   \[
   2885 = 5 \times 577
   \]
   Both \(5\) and \(577\) are primes congruent to \(1 \mod 4\).

2. **Sum of Two Squares Representation**:
   According to Fermat's theorem on sums of two squares, a number can be expressed as the sum of two squares if and only if every prime factor congruent to \(3 \mod 4\) appears to an even power in its prime factorization. Since \(5\) and \(577\) are both congruent to \(1 \mod 4\), \(2885\) can indeed be expressed as the sum of two squares.

3. **Expressing Primes as Sums of Squares**:
   - \(5 = 1^2 + 2^2\)
   - \(577 = 24^2 + 1^2\)

4. **Using the Identity for Products of Sums of Squares**:
   We use the identity \((a^2 + b^2)(c^2 + d^2) = (ac - bd)^2 + (ad + bc)^2\) to find the representations of \(2885\).

   Applying the identity:
   \[
   (1^2 + 2^2)(24^2 + 1^2) = (1 \cdot 24 - 2 \cdot 1)^2 + (1 \cdot 1 + 2 \cdot 24)^2 = 47^2 + 26^2
   \]
   \[
   (1^2 + 2^2)(24^2 + 1^2) = (1 \cdot 1 + 2 \cdot 24)^2 + (1 \cdot 24 - 2 \cdot 1)^2 = 49^2 + 22^2
   \]

5. **Identifying Distinct Representations**:
   The pairs \((47, 26)\) and \((49, 22)\) are the only distinct unordered pairs of non-negative integers whose squares sum to \(2885\).

6. **Conclusion**:
   The number of ways to express \(2885\) as the sum of two perfect squares is:
   \[
   \boxed{2}
   \]

Evaluation Process:

1. Initial Screening
  - Group solutions by their final answers
  - Identify and explain mathematical contradictions between different answers
  - Eliminate solutions with clear mathematical errors

2. Detailed Analysis
  For remaining solutions, evaluate:
  - Mathematical precision and accuracy
  - Logical progression of steps
  - Completeness of mathematical reasoning
  - Proper use of mathematical notation, including \boxed{}
  - Handling of edge cases or special conditions
  - For solutions containing and addressing errors, evaluate the error identification and correction methodology.

3. Solution Comparison
  Compare viable solutions based on:
  - Efficiency of approach
  - Clarity of mathematical reasoning
  - Sophistication of method
  - Robustness of solution (works for all cases)

Your response should include:
1. Brief analysis of conflicting answers
2. Detailed evaluation of mathematically sound solutions
3. Justification for eliminating incorrect solutions
4. Clear explanation for selecting the best approach

End your evaluation with exactly:
Judgment: [IDX]
where IDX is the index 0-3 of the best solution.",2,nt_primes,genselect
bigmath_6344e84a,"It is said that whoever pulls out the sword from the stone can rule England. King Arthur wanted to obtain the sword from the stone, so he sought advice from the prophet Merlin. To test King Arthur's sincerity, Merlin gave him a problem composed entirely of prime numbers:

\[ 5 \times A + 7 \times B = 7 \times 7 \]

Merlin said: ""If you can tell me how much greater \( A \) is than \( B \), I will help you."" After thinking about it, King Arthur gave Merlin the correct answer. This correct answer is ____.",5,nt_primes,bigmath
bigmath_ab651def,"If a number equals the sum of its factors excluding itself, then this number is called a perfect number. For example, the factors of 6, excluding itself, are 1, 2, and 3, and since 6 = 1 + 2 + 3, 6 is a perfect number. About 2200 years ago, Euclid proposed that if $2^n - 1$ is a prime number, then $2^{n-1}(2^n - 1)$ is a perfect number. Please write down the next perfect number after 6 based on this conclusion.",28,nt_primes,bigmath
bigmath_70e79e27,"Cat and Claire are having a conversation about Cat's favorite number. Cat says, ""My favorite number is a two-digit positive prime integer whose first digit is less than its second, and when you reverse its digits, it's still a prime number!"" 

Claire asks, ""If you picked a digit of your favorite number at random and revealed it to me without telling me which place it was in, is there any chance I'd know for certain what it is?""

Cat says, ""Nope! However, if I now told you the units digit of my favorite number, you'd know which one it is!""

Claire says, ""Now I know your favorite number!"" What is Cat's favorite number?",13,nt_primes,bigmath
bigmath_29aaa264,"At a recent math contest, Evan was asked to find  $2^{2016} \pmod{p}$  for a given prime number  $p$  with  $100 < p < 500$ . Evan has forgotten what the prime  $p$  was, but still remembers how he solved it:


- Evan first tried taking  $2016$  modulo  $p - 1$ , but got a value  $e$  larger than  $100$ .
- However, Evan noted that  $e - \frac{1}{2}(p - 1) = 21$ , and then realized the answer was  $-2^{21} \pmod{p}$ .

What was the prime  $p$ ?",211,nt_primes,bigmath
bigmath_1c54d338,"Jane started babysitting when she was 20 years old. Whenever she babysat for a child, that child was no more than half her age at the time. Jane stopped babysitting 10 years ago when she was 22 years old. She babysat for kids with age gaps between them not more than 1 year. If Jane is currently 32 years old, what is the current age of the oldest person for whom Jane could have babysat, given that this person's age is a prime number?",19,nt_primes,bigmath
bigmath_05336289,"Optimus Prime departs in robot form from point $A$ to point $B$ and arrives at $B$ on time. If he transforms into a car from the beginning, his speed increases by $\frac{1}{4}$, allowing him to arrive at $B$ 1 hour earlier. If he travels 150 km in robot form first, then transforms into a car, and his speed increases by $\frac{1}{5}$, he can arrive 40 minutes earlier. How far apart are points $A$ and $B$ in kilometers?",750,nt_primes,bigmath
aimo3_hard_31319b94,"If $(x - a)(x - b)(x - c)(x - d)(x - e) = x^5 - 7x^4 + 6x^3 + 5x^4 + 13x - 9$, then $a + b + c + d + e = ...$",7,other,aimo3_hard
aimo3_hard_9dcc3b97,In how many ways can five children switch seats on a five-seater merry-go-round so that each child has a new companion in front?,10,other,aimo3_hard
aimo3_hard_6fd84692,"You have 8 batteries, 4 of which are ""good"" and 4 are ""bad."" A device requires 6 batteries to operate, but only 4 of them need to be good. You can test the device by picking 6 batteries and attempting to turn it on, with no other way to check battery quality. In the worst-case scenario, how many tests are needed to ensure you find a set of 6 batteries that will make the device work?",7,other,aimo3_hard
aimo3_hard_ca95afd5,"Butch and Sundance need to travel as quickly as possible by alternating walking and riding their only horse, Sparky. Butch walks at 4 miles per hour, Sundance walks at 2.5 miles per hour, and Sparky rides at 6 miles per hour. They use hitching posts located at one-mile intervals. The first time Butch and Sundance meet at a milepost, they are $n$ miles from Dodge and have been traveling for $t$ minutes. Find $n + t$.",279,other,aimo3_hard
aimo3_hard_ba529c41,"Jim's current income is $12000. If his monthly income increases by 10%, what will be his total income after 2 months?",14520,other,aimo3_hard
aimo3_hard_aab4ef1c,"Is $2^{10} = 1024$ the last power of 2 that is easy to double, meaning that when doubled, no carries are performed? If not, how many more such powers of 2 exist? Is there an infinite family of such examples?",5,other,aimo3_hard
aimo3_hard_436cf34f,"For the specific skew-symmetric matrix \( S = \left( \begin{array}{cccc} 0 & 4 & 0 & -3 \\ -4 & 0 & -2 & -1 \\ 0 & 2 & 0 & 3 \\ 3 & 1 & -3 & 0 \end{array} \right) \), verify that \( \sqrt{\det(S)} \) divides \( \det(W(S)) \).",18,other,aimo3_hard
aimo3_hard_ad4fd55c,"Dragons and dragonflies are at war. Initially, there are 1,000 dragons and 10,000,000 dragonflies. Each day is divided into three periods: morning preparation, fighting, and afternoon rest. During the fighting period, dragonflies form groups of 10,000 to attack a dragon, with a 60% chance of success. If unsuccessful, the dragon kills all 10,000 dragonflies. After each day, dragonflies receive reinforcements equal to 10% of their current number, rounded to the nearest thousand. If the number of dragonflies falls below 100,000, they form groups of 5,000 with a 20% chance of success. Dragons receive 2 reinforcements in the morning and 3 in the afternoon. If a dragon is defeated, there is a 50% chance it kills 20% of the attacking dragonflies. The dragonflies surrender if they cannot form a fighting group, and the dragons surrender if the ratio of dragons to dragonflies is less than $\frac{1}{100,000}$. What is the expected number of full days until one side wins?",4,other,aimo3_hard
aimo3_hard_78f4498f,"John initially invests 50 USD. Each day, the investment earns 2% interest, and once the interest reaches 1 USD, it is added back to the investment. How long will it take for John's investment to reach 100 USD?",35,other,aimo3_hard
aimo3_hard_b04efc4d,"For a chocolate bar of length \( L = 19 \) and \( m = 3 \) people, verify if dividing the bar into pieces of lengths \( 7, 4, 3, 2, 1, 1, 1 \) is an optimal solution.",7,other,aimo3_hard
aimo3_hard_039a4f9e,"How many non-isomorphic semidirect products are there between $\mathbb{Z}_2$ and $SL(2,3)$?",2,other,aimo3_hard
aimo3_hard_dfaed7ac,"How many leading digits in $v(x)$ are guaranteed to agree with those of $f(x)$, for any $0 \leq x \leq 381$, where $f(x) = \sin(x)$ and $v(x)$ is the piecewise constant interpolation of $f(x)$ at points $x_i = ih$ with $h = 0.1$? Specifically, $v(x) = \sin(ih)$ for $(i-0.5)h \leq x \leq (i+0.5)h$ and $i = 0, 1, \dots, 3810$.",1,other,aimo3_hard
aimo3_hard_b8470ea4,"Given the function \( f(x) = \frac{(x^3 + 8)(x^2 - 5x - 6)}{(x^2 - 2x + 4)(x^2 - 4)} \), find \( f(2001) \) without using a calculator.",1998,other,aimo3_hard
aimo3_hard_ec2ea4af,"How many guesses are needed for Banana to figure out the ten-esque quadruple $(a_1, a_2, a_3, a_4)$ chosen by Ana, given that at each stage Banana offers a ten-esque quadruple $(x_1, x_2, x_3, x_4)$ and Ana tells her the value of 
\[|a_1 - x_1| + |a_2 - x_2| + |a_3 - x_3| + |a_4 - x_4|\]?",3,other,aimo3_hard
aimo3_hard_cbe509d5,"Let \[\begin{cases} a_{k+1} = a_k^4 + 6a_k^2 b_k^2 + b_k^2 \\ b_{k+1} = 4a_k b_k (a_k + b_k)(b_k - a_k) \end{cases}\] for all real $a_k$ and $b_k$. If $(a_{2019}, b_{2019}) = (-2019, 2019\sqrt{3})$, $\left|\frac{b_1}{a_1}\right| = \sqrt{3}$, and $a_1 = \frac{m^{n^{-p}}}{q}$ in simplest form, find the last 3 digits of $m + n + p + q$.",062,other,aimo3_hard
aimo3_hard_9db35faa,"Given a train with 10 carriages labeled 1, 2, 3, ..., 10, how many different reorderings can be generated using a siding that can accommodate up to two carriages?",512,other,aimo3_hard
limo_19d5d8c3,"The formula for converting a Fahrenheit temperature $F$ to the corresponding Celsius temperature $C$ is $C = \frac{5}{9}(F-32).$ An integer Fahrenheit temperature is converted to Celsius, rounded to the nearest integer, converted back to Fahrenheit, and again rounded to the nearest integer. For how many integer Fahrenheit temperatures between $32$ and $1000$ inclusive does the original temperature equal the final temperature?",539,other,limo
aimo3_hard_4a2c2a17,"Consider the Markov chain with state space \( E = \{0, 1, 2, 3, 4, 5, 6\} \) and transition matrix
\[
\begin{pmatrix}
1/5 & 3/5 & 0 & 0 & 1/5 & 0 & 0 \\
0 & 0 & 1 & 0 & 0 & 0 & 0 \\
0 & 1/3 & 2/3 & 0 & 0 & 0 & 0 \\
0 & 1 & 0 & 0 & 0 & 0 & 0 \\
0 & 0 & 0 & 0 & 0 & 1 & 0 \\
0 & 0 & 0 & 0 & 0 & 0 & 1 \\
0 & 0 & 0 & 0 & 1 & 0 & 0
\end{pmatrix}.
\]
Determine the entropy of this Markov chain.",0,other,aimo3_hard
aimo3_hard_51cdd320,"How many ways are there to make $35¢$ change with $1952$ pennies, $1959$ pennies, $1964$ nickels, and $1971$ quarters? (Note: All pennies are worth $1¢$, all nickels are worth $5¢$, and all quarters are worth $25¢$.)",166,other,aimo3_hard
aimo3_hard_b42c7553,How many ways can five pairs of shorts be worn over three days?,60,other,aimo3_hard
aimo3_hard_a2988470,What annual instalment will discharge a debt of 1092 due in 3 years at 12% simple interest?,325,other,aimo3_hard
aimo3_hard_0e8eb188,"Compute the cost in cents of the cheapest set of big and small candles needed to measure exactly 1 minute, given that big candles cost 16 cents and burn for exactly 16 minutes, and small candles cost 7 cents and burn for exactly 7 minutes. Candles may be arbitrarily and instantly put out and relit.",97,other,aimo3_hard
aimo3_hard_46e6ebd0,"In how many ways can 5 identical rewards be distributed among 3 groups of people (Group A with 4 people, Group B with 5 people, and Group C with 6 people) such that at least 2 people from Group B and at least 2 people from Group C receive a prize?",950,other,aimo3_hard
aimo3_hard_3e9947d5,How many ways are there to order two pizzas with up to 5 toppings on each?,528,other,aimo3_hard
aimo3_hard_9c20b7de,"If \( x^2 + 2x - 3 \) is a factor of \( x^4 + 6x^3 + 2ax^2 + 6x - 3a \), evaluate \( a + b \).",3,other,aimo3_hard
aimo3_hard_507dcf80,"Each year on her birthday, Jane’s parents put \$20 into an investment account earning \(9\frac{1}{2}\)% per annum compound interest. The first deposit took place on the day of her birth. On her 18th birthday, Jane’s parents gave her the account and \$20 cash in hand. How much money did she receive from her parents on her 18th birthday?",970,other,aimo3_hard
aimo3_hard_b26cd629,"Determine the number of homomorphisms from $D_6$ to $A_4$. 

Clarification for notation: $|D_6|=12$ and $|A_4|=12$. Note that $D_6$ has 2 elements of order 3 and 3 elements of order 2 (and 1 element of order 1), while $A_4$ has 3 elements of order 2 and 8 elements of order 3.",4,other,aimo3_hard
limo_d054b3c4,"Define $n!!$ to be $n(n-2)(n-4)\cdots 3\cdot 1$ for $n$ odd and $n(n-2)(n-4)\cdots 4\cdot 2$ for $n$ even. When $\sum_{i=1}^{2009} \frac{(2i-1)!!}{(2i)!!}$ is expressed as a fraction in lowest terms, its denominator is $2^ab$ with $b$ odd. Find $\dfrac{ab}{10}$ .",401,other,limo
limo_4559476d,"If $\tan x+\tan y=25$ and $\cot x + \cot y=30$ , what is $\tan(x+y)$ ?",150,other,limo
aimo3_hard_7bbae8d6,"How many symmetric cases are there for necklaces made of 4 black beads, 2 white beads, and 2 red beads, and can this be generalized to other even-numbered bead scenarios?",12,other,aimo3_hard
aimo3_hard_22c67505,How many weighings are necessary to sort 7 balls of different weights using only a balance scale?,8,other,aimo3_hard
aimo3_hard_1fb4b696,"If it takes a species:
- 52 days from conception to become ""useful"" (and they remain ""useful"" until death),
- 73 days from conception to reach adulthood (ability to breed/conceive again),
- 108 days from conception until death, and
- each generation gets exactly 1 day to breed,

What is the minimum number of living generations required to always have a useful population?",3,other,aimo3_hard
aimo3_hard_736f740b,"Given \( V = 120 \) V and \( R = 10 \) ohms, with \( V \) increased by \( 0.0015 \) V and \( R \) decreased by \( 0.002 \) ohms, calculate the variation in \( P = \frac{V^2}{R} \) using both the differential approximation and the direct calculation method. Explain why the results differ.",0.324,other,aimo3_hard
limo_7fb0627c,"Suppose that the measurement of time during the day is converted to the metric system so that each day has $10$ metric hours, and each metric hour has $100$ metric minutes. Digital clocks would then be produced that would read $\text{9:99}$ just before midnight, $\text{0:00}$ at midnight, $\text{1:25}$ at the former $\text{3:00}$ AM, and $\text{7:50}$ at the former $\text{6:00}$ PM. After the conversion, a person who wanted to wake up at the equivalent of the former $\text{6:36}$ AM would set his new digital alarm clock for $\text{A:BC}$ , where $\text{A}$ , $\text{B}$ , and $\text{C}$ are digits. Find $100\text{A}+10\text{B}+\text{C}$ .",275,other,limo
limo_39e05f10,"The workers in a factory produce widgets and whoosits. For each product, production time is constant and identical for all workers, but not necessarily equal for the two products. In one hour, $100$ workers can produce $300$ widgets and $200$ whoosits. In two hours, $60$ workers can produce $240$ widgets and $300$ whoosits. In three hours, $50$ workers can produce $150$ widgets and $m$ whoosits. Find $m$ .",450,other,limo
limo_9f7847f9,"Of the students attending a school party, $60\%$ of the students are girls, and $40\%$ of the students like to dance. After these students are joined by $20$ more boy students, all of whom like to dance, the party is now $58\%$ girls. How many students now at the party like to dance?",252,other,limo
limo_5b3411c0,"Before starting to paint, Bill had $130$ ounces of blue paint, $164$ ounces of red paint, and $188$ ounces of white paint. Bill painted four equally sized stripes on a wall, making a blue stripe, a red stripe, a white stripe, and a pink stripe. Pink is a mixture of red and white, not necessarily in equal amounts. When Bill finished, he had equal amounts of blue, red, and white paint left. Find the total number of ounces of paint Bill had left.",114,other,limo
aimo3_hard_31fedf63,"Given the demand equation for a bicycle is \( Q = 1000 - 2P \), where \( Q \) is the quantity demanded and \( P \) is the price per bicycle, determine if the current price of $150 per bicycle maximizes revenue.",250,comb_graph,aimo3_hard
limo_84d2e636,"Suppose that $\sec x+\tan x=\frac{22}7$ and that $\csc x+\cot x=\frac mn,$ where $\frac mn$ is in lowest terms.  Find $m+n^{}_{}.$",44,other,limo
limo_9bc0fe29,"Ed and Sue bike at equal and constant rates.  Similarly, they jog at equal and constant rates, and they swim at equal and constant rates.  Ed covers $74$ kilometers after biking for $2$ hours, jogging for $3$ hours, and swimming for $4$ hours, while Sue covers $91$ kilometers after jogging for $2$ hours, swimming for $3$ hours, and biking for $4$ hours.  Their biking, jogging, and swimming rates are all whole numbers of kilometers per hour.  Find the sum of the squares of Ed's biking, jogging, and swimming rates.",314,other,limo
limo_60ff0db6,"The AIME Triathlon consists of a half-mile swim, a 30-mile bicycle ride, and an eight-mile run. Tom swims, bicycles, and runs at constant rates. He runs fives times as fast as he swims, and he bicycles twice as fast as he runs. Tom completes the AIME Triathlon in four and a quarter hours. How many minutes does he spend bicycling?",150,comb_graph,limo
aimo3_hard_54fe5009,"Mr. Brown has 10 identical chocolate donuts and 15 identical glazed donuts. He knows that Amar wants 6 donuts, Benny wants 9 donuts, and Callie wants 9 donuts. How many ways can he distribute out his 25 donuts?",103,other,aimo3_hard
aimo3_hard_f95d0feb,"Given the letters M A T E M A T I K I, how many words of length 3 can be formed using only single letters?",120,other,aimo3_hard
aimo3_hard_c4ecfef1,"Given that the duration of a movie trailer is approximately normally distributed with a mean of 150 seconds and a standard deviation of 30 seconds, what proportion of movie trailers last longer than 4 minutes and 30 seconds (270 seconds)?",0.0000,other,aimo3_hard
genselect_0cb94712,"You will be given a challenging math problem followed by 10 solutions. Your task is to systematically analyze these solutions to identify the most mathematically sound approach.

Input Format:
Problem: A complex mathematical word problem at advanced high school or college level
Solutions: Detailed solutions indexed 0-9, each concluding with an answer in \boxed{} notation

YOUR TASK

Problem: Each of eight boxes contains six balls. Each ball has been colored with one of \( n \) colors, such that no two balls in the same box are the same color, and no two colors occur together in more than one box. Find the smallest integer \( n \) for which this is possible.

Solutions:
Solution 0:
To solve the problem, we need to determine the smallest number of colors \( n \) such that each of eight boxes contains six balls, each colored with one of \( n \) colors, with the constraints that no two balls in the same box share the same color, and no two colors occur together in more than one box.

### Step-by-Step Solution

1. **Key Constraints and Design Considerations**:
   - Each box contains 6 distinct colors.
   - Each pair of colors can appear together in at most one box.
   - There are 8 boxes, each contributing \( \binom{6}{2} = 15 \) pairs of colors.
   - The total number of pairs across all boxes is \( 8 \times 15 = 120 \).

2. **Combinatorial Counting**:
   - The total number of pairs from \( n \) colors is \( \binom{n}{2} = \frac{n(n-1)}{2} \).
   - To satisfy the constraint, we need \( \frac{n(n-1)}{2} \geq 120 \).
   - Solving \( n(n-1) \geq 240 \), we find \( n = 16 \) since \( 16 \times 15 = 240 \).

3. **Verification of \( n = 16 \)**:
   - We need to check if a design exists where each pair of colors appears in exactly one box.
   - Consider a Steiner system \( S(2, 6, 16) \), where each pair of colors appears in exactly one block (box).
   - In a Steiner system \( S(2, 6, 16) \):
     - The number of blocks (boxes) is \( \frac{\binom{16}{2}}{\binom{6}{2}} = \frac{16 \times 15 / 2}{6 \times 5 / 2} = 8 \), which matches the required number of boxes.
     - Each color appears in \( \frac{48}{16} = 3 \) boxes.
     - Each color is paired with every other color exactly once, satisfying \( 5 \times 3 = 15 \) pairs, which matches the 15 other colors.

Thus, the minimal \( n \) that satisfies all constraints is \( \boxed{16} \).

Solution 1:
To solve the problem, we need to find the smallest integer \( n \) such that each of eight boxes contains six balls colored with \( n \) colors, where no two balls in the same box share the same color, and no two colors occur together in more than one box. This problem can be approached using the concept of a Steiner system \( S(2, 6, n) \).

1. **Understanding the Problem**:
   - Each box has 6 distinct colors.
   - Any two colors can co-occur in at most one box.
   - We need to ensure that the total number of pairs of colors is sufficient to cover all pairs exactly once across the boxes.

2. **Steiner System Parameters**:
   - A Steiner system \( S(2, 6, n) \) requires that each pair of colors appears in exactly one box.
   - The number of pairs of colors is given by \( \binom{n}{2} \).
   - Each box contains \( \binom{6}{2} = 15 \) pairs.
   - With 8 boxes, the total number of pairs covered is \( 8 \times 15 = 120 \).

3. **Equation for Pairs**:
   - The equation \( \binom{n}{2} = 120 \) must hold, leading to:
     \[
     \frac{n(n-1)}{2} = 120
     \]
   - Multiplying both sides by 2, we get:
     \[
     n(n-1) = 240
     \]
   - Solving the quadratic equation \( n^2 - n - 240 = 0 \) using the quadratic formula \( n = \frac{-b \pm \sqrt{b^2 - 4ac}}{2a} \), where \( a = 1 \), \( b = -1 \), and \( c = -240 \):
     \[
     n = \frac{1 \pm \sqrt{1 + 960}}{2} = \frac{1 \pm 31}{2}
     \]
   - The positive root is:
     \[
     n = \frac{1 + 31}{2} = 16
     \]

4. **Verification**:
   - The necessary conditions for a Steiner system \( S(2, 6, 16) \) are satisfied:
     - \( \frac{n(n-1)}{k(k-1)} = \frac{16 \times 15}{6 \times 5} = 8 \), an integer.
     - \( \frac{n-1}{k-1} = \frac{15}{5} = 3 \), an integer.
   - Each color appears in 3 boxes, and the total number of color appearances is \( 16 \times 3 = 48 \), matching the total color appearances in boxes (8 boxes × 6 colors).

5. **Conclusion**:
   - The minimal \( n \) is 16, as it satisfies all conditions and the design exists as a Steiner system \( S(2, 6, 16) \).

\[
\boxed{16}
\]

Solution 2:
To solve the problem, we need to find the smallest integer \( n \) such that each of eight boxes contains six uniquely colored balls, with no two colors appearing together in more than one box.

### Step-by-Step Solution:

1. **Model the Problem as a Combinatorial Design**:
   - We model the problem using a Balanced Incomplete Block Design (BIBD) with parameters \( (v, k, \lambda) \), where:
     - \( v \) is the number of colors.
     - \( k \) is the number of colors in each box (block).
     - \( \lambda \) is the number of times each pair of colors appears together in the boxes.
   - Given:
     - \( k = 6 \) (each box has 6 colors).
     - \( \lambda = 1 \) (each pair of colors appears together in at most one box).
     - \( b = 8 \) (there are 8 boxes).

2. **BIBD Equations**:
   - The number of blocks \( b \) is given by:
     \[
     b = \frac{v(v - 1) \lambda}{k(k - 1)}
     \]
   - Substituting \( b = 8 \), \( k = 6 \), and \( \lambda = 1 \):
     \[
     8 = \frac{v(v - 1) \times 1}{6 \times 5}
     \]
     \[
     8 = \frac{v(v - 1)}{30}
     \]
     \[
     v(v - 1) = 240
     \]

3. **Solve the Quadratic Equation**:
   - Solve \( v^2 - v - 240 = 0 \) using the quadratic formula:
     \[
     v = \frac{1 \pm \sqrt{1 + 960}}{2} = \frac{1 \pm \sqrt{961}}{2} = \frac{1 \pm 31}{2}
     \]
   - The positive solution is:
     \[
     v = \frac{1 + 31}{2} = 16
     \]

4. **Verify the Solution**:
   - Each color must appear in \( r \) boxes, where:
     \[
     r = \frac{\lambda(v - 1)}{k - 1} = \frac{1 \times 15}{5} = 3
     \]
   - The total number of color uses is:
     \[
     n \times r = 16 \times 3 = 48
     \]
     This matches the total number of color uses (8 boxes \(\times\) 6 colors = 48).

   - The total number of pairs of colors in all boxes is:
     \[
     b \times \binom{k}{2} = 8 \times \binom{6}{2} = 8 \times 15 = 120
     \]
     This matches the total number of pairs of colors:
     \[
     \binom{16}{2} = 120
     \]

### Conclusion:
The smallest integer \( n \) that satisfies the given conditions is \(\boxed{16}\).

Solution 3:
To solve the problem, we need to determine the smallest number of colors \( n \) such that each of eight boxes contains six balls, each colored with one of \( n \) colors, with no two balls in the same box sharing the same color, and no two colors appearing together in more than one box.

### Step-by-Step Solution:

1. **Counting Pairs of Colors:**
   - Each box contains 6 balls, and each pair of balls in a box represents a unique pair of colors.
   - The number of pairs in one box is given by \( \binom{6}{2} = 15 \).
   - With 8 boxes, the total number of pairs is \( 8 \times 15 = 120 \).

2. **Total Number of Pairs:**
   - Each pair of colors can appear together in at most one box.
   - The total number of pairs of colors must be at least 120.
   - This gives the inequality \( \binom{n}{2} \geq 120 \).

3. **Solving the Inequality:**
   \[
   \binom{n}{2} = \frac{n(n-1)}{2} \geq 120
   \]
   \[
   n(n-1) \geq 240
   \]
   - Testing values, we find \( n = 16 \) satisfies this exactly because \( 16 \times 15 = 240 \).

4. **Existence of a Suitable Design:**
   - We need to check if a Steiner system \( S(2, 6, 16) \) exists, where each pair of colors appears in exactly one block.
   - The necessary conditions for a Steiner system are:
     1. \( v \equiv 1 \mod (k - 1) \): \( 16 \equiv 1 \mod 5 \), which holds.
     2. \( v(v - 1) \equiv 0 \mod k(k - 1) \): \( 16 \times 15 = 240 \equiv 0 \mod 30 \), which also holds.
   - These conditions are satisfied, confirming the existence of such a design.

5. **Verification:**
   - Each color appears in \( \frac{v - 1}{k - 1} = \frac{15}{5} = 3 \) blocks.
   - The total number of color occurrences is \( 16 \times 3 = 48 \), which matches \( 8 \times 6 = 48 \).

Thus, the smallest integer \( n \) for which this is possible is:

\[
\boxed{16}
\]

Solution 4:
To solve the problem, we need to find the smallest integer \( n \) such that there are eight boxes, each containing six balls colored with distinct colors, and no two colors appear together in more than one box.

### Step-by-Step Solution:

1. **Count the Pairs of Colors:**
   Each box contains 6 balls, and the number of pairs of colors in each box is given by:
   \[
   \binom{6}{2} = 15
   \]
   With 8 boxes, the total number of pairs of colors is:
   \[
   8 \times 15 = 120
   \]

2. **Determine the Minimum \( n \):**
   The total number of pairs of colors that can be formed from \( n \) colors is:
   \[
   \binom{n}{2} = \frac{n(n-1)}{2}
   \]
   We need this to be at least 120:
   \[
   \frac{n(n-1)}{2} \geq 120
   \]
   Solving the inequality:
   \[
   n(n-1) \geq 240
   \]
   The smallest integer \( n \) that satisfies this inequality is 16, because:
   \[
   16 \times 15 = 240
   \]

3. **Verify the Existence of the Design:**
   We need to check if there exists a combinatorial design that satisfies the given conditions. Specifically, we need a Steiner system \( S(2, 6, 16) \), which is a set of 16 elements (colors) with blocks (boxes) of size 6 such that every pair of elements appears in exactly one block.

   - **Necessary Conditions for Steiner System \( S(2, 6, 16) \):**
     1. The total number of pairs of elements is:
        \[
        \binom{16}{2} = 120
        \]
     2. The number of pairs per block is:
        \[
        \binom{6}{2} = 15
        \]
     3. The number of blocks (boxes) is:
        \[
        \frac{120}{15} = 8
        \]
     4. The divisibility conditions are:
        \[
        16 \times 15 \equiv 0 \pmod{6 \times 5} \quad \text{and} \quad 15 \equiv 0 \pmod{5}
        \]
     Both conditions are satisfied.

   Given that the necessary conditions for the Steiner system \( S(2, 6, 16) \) are met, such a system exists.

### Conclusion:
The smallest integer \( n \) that satisfies the given conditions is \( \boxed{16} \).

Solution 5:
To solve the problem, we need to determine the smallest integer \( n \) such that each of eight boxes contains six balls, each colored with one of \( n \) colors, with the conditions that no two balls in the same box share the same color, and no two colors appear together in more than one box.

1. **Understanding the Constraints**:
   - Each box must contain 6 distinct colors.
   - Any pair of colors can only appear together in at most one box.

2. **Combinatorial Analysis**:
   - Each box corresponds to a 6-element subset of the \( n \) colors.
   - The total number of pairs of colors in all boxes must not exceed the total number of pairs of \( n \) colors.
   - Each box contains \( \binom{6}{2} = 15 \) pairs of colors.
   - With 8 boxes, the total number of pairs used is \( 8 \times 15 = 120 \).

3. **Calculating Minimum \( n \)**:
   - The total number of pairs of \( n \) colors is \( \binom{n}{2} = \frac{n(n-1)}{2} \).
   - We need \( \frac{n(n-1)}{2} \geq 120 \).
   - Solving \( n(n-1) \geq 240 \), we find \( n \geq 16 \) (since \( 16 \times 15 = 240 \)).

4. **Checking Feasibility**:
   - A Steiner system \( S(2, 6, 16) \) would satisfy the conditions, where each pair of colors appears in exactly one box.
   - The parameters for this system are consistent:
     - Number of blocks: \( \frac{\binom{16}{2}}{\binom{6}{2}} = \frac{120}{15} = 8 \).
     - Each color appears in \( \frac{15}{5} = 3 \) blocks.
     - Total color slots: \( 8 \times 6 = 48 \), which matches \( 16 \times 3 = 48 \).

5. **Verification**:
   - For \( n = 15 \), the total pairs would be \( \frac{15 \times 14}{2} = 105 \), which is insufficient.
   - \( n = 16 \) meets all conditions and is the minimal value.

Thus, the smallest integer \( n \) is \(\boxed{16}\).

Solution 6:
To solve the problem, we need to determine the smallest integer \( n \) such that each of the eight boxes contains six balls, each with a unique color, and no two colors appear together in more than one box.

### Step-by-Step Solution:

1. **Understanding the Problem**:
   - Each box contains 6 distinct colors.
   - No pair of colors appears in more than one box.

2. **Hypergraph Interpretation**:
   - Each box can be considered a hyperedge of size 6.
   - The hypergraph must be linear, meaning any two hyperedges share at most one vertex.

3. **Combinatorial Design**:
   - The problem is equivalent to finding a 2-(v, 6, 1) design, where \( v \) is the number of colors (vertices), and each pair of vertices appears in exactly one hyperedge (box).

4. **Necessary Conditions for the Design**:
   - The number of hyperedges \( b \) must satisfy:
     \[
     b = \frac{v(v-1)}{6 \cdot 5} = \frac{v(v-1)}{30}
     \]
   - Each vertex must appear in \( r \) hyperedges, where:
     \[
     r = \frac{(v-1)}{5}
     \]

5. **Calculations**:
   - Given \( b = 8 \):
     \[
     8 = \frac{v(v-1)}{30}
     \]
   - Solving for \( v \):
     \[
     v(v-1) = 240
     \]
   - The smallest \( v \) satisfying this equation is \( v = 16 \) since:
     \[
     16 \times 15 = 240
     \]

6. **Verification**:
   - For \( v = 16 \):
     - The number of hyperedges \( b \) is:
       \[
       b = \frac{16 \times 15}{30} = 8
       \]
     - Each vertex appears in:
       \[
       r = \frac{15}{5} = 3 \text{ hyperedges}
       \]
   - The total number of pairs is:
     \[
     \binom{16}{2} = 120
     \]
   - Since each box contains 15 pairs, the total number of pairs used is:
     \[
     8 \times 15 = 120
     \]
   - This matches the total number of pairs available, confirming that the design is possible.

### Conclusion:
The smallest integer \( n \) that satisfies the given conditions is \( \boxed{16} \).

Solution 7:
To solve the problem of finding the smallest integer \( n \) such that each of eight boxes, each containing six uniquely colored balls, satisfies the condition that no two colors appear together in more than one box, we can use a combinatorial and optimization approach.

### Step-by-Step Solution:

1. **Model the Problem**:
   - We need to find the smallest integer \( n \) such that there are 8 boxes, each containing 6 distinct colors, and no two colors appear together in more than one box.
   - This can be modeled as a 6-uniform linear hypergraph with 8 edges (boxes) where any two edges intersect in at most one vertex (color).

2. **Define Variables**:
   - Let \( r_i \) be the number of boxes that color \( i \) appears in.
   - The total number of color-box incidences is \( \sum r_i = 48 \) (since each of the 8 boxes has 6 colors).

3. **Overlap Condition**:
   - The total number of pairs of boxes that share a color is bounded by \( \sum \binom{r_i}{2} \leq \binom{8}{2} = 28 \).

4. **Cauchy-Schwarz Inequality**:
   - Using the Cauchy-Schwarz inequality, we have:
     \[
     \left( \sum r_i \right)^2 \leq n \sum r_i^2
     \]
     Substituting \( \sum r_i = 48 \), we get:
     \[
     48^2 \leq n \sum r_i^2
     \]
     \[
     2304 \leq n \sum r_i^2
     \]

5. **Sum of Squares Condition**:
   - We also know that \( \sum \binom{r_i}{2} \leq 28 \), which implies:
     \[
     \sum \frac{r_i(r_i - 1)}{2} \leq 28
     \]
     \[
     \sum r_i^2 - \sum r_i \leq 56
     \]
     Since \( \sum r_i = 48 \), we have:
     \[
     \sum r_i^2 - 48 \leq 56
     \]
     \[
     \sum r_i^2 \leq 104
     \]

6. **Feasibility Check**:
   - We need to find the smallest \( n \) such that \( 2304 \leq n \cdot 104 \).
     \[
     n \geq \frac{2304}{104} \approx 22.15
     \]
     Since \( n \) must be an integer, \( n \geq 23 \).

7. **Verification for \( n = 23 \)**:
   - For \( n = 23 \), we need to check if we can distribute \( r_i \) such that the conditions are satisfied.
   - Suppose 21 colors appear in 2 boxes each, and 2 colors appear in 3 boxes each:
     \[
     \sum r_i = 21 \cdot 2 + 2 \cdot 3 = 42 + 6 = 48
     \]
     \[
     \sum r_i^2 = 21 \cdot 2^2 + 2 \cdot 3^2 = 21 \cdot 4 + 2 \cdot 9 = 84 + 18 = 102 \leq 104
     \]
     \[
     \sum \binom{r_i}{2} = 21 \cdot \binom{2}{2} + 2 \cdot \binom{3}{2} = 21 \cdot 1 + 2 \cdot 3 = 21 + 6 = 27 \leq 28
     \]
   - Both conditions are satisfied, so \( n = 23 \) is feasible.

Therefore, the smallest integer \( n \) for which the given conditions are satisfied is \(\boxed{23}\).

Solution 8:
To solve the problem, we need to determine the smallest number of colors \( n \) such that each of eight boxes contains six balls, each of different colors, and no two colors appear together in more than one box. This problem can be approached using combinatorial design theory, specifically the concept of a Balanced Incomplete Block Design (BIBD).

1. **Key Observations**:
   - Each box (block) contains 6 balls (elements), all of different colors.
   - No two colors (elements) can be in more than one box (block) together.
   - This is equivalent to a \((v, k, \lambda)\) BIBD with \(\lambda = 1\), where \(v\) is the number of colors, \(k = 6\) is the block size, and the number of blocks \(b = 8\).

2. **BIBD Conditions**:
   - The number of blocks \(b\) must satisfy:
     \[
     b = \frac{v(v-1)}{k(k-1)}
     \]
   - Substituting \(b = 8\) and \(k = 6\):
     \[
     8 = \frac{v(v-1)}{6 \cdot 5} \implies v(v-1) = 240
     \]
   - Solving the quadratic equation \(v^2 - v - 240 = 0\):
     \[
     v = \frac{1 + \sqrt{1 + 960}}{2} = \frac{1 + 31}{2} = 16
     \]

3. **Verification of Divisibility Conditions**:
   - Each color must appear in \(r\) blocks, where:
     \[
     r = \frac{\lambda(v-1)}{k-1} = \frac{1 \cdot 15}{5} = 3
     \]
   - This ensures each color appears in exactly 3 blocks, which is an integer.
   - The total number of color occurrences is \(8 \times 6 = 48\), and \(16 \times 3 = 48\), confirming consistency.

4. **Conclusion**:
   - The necessary conditions for a BIBD with parameters \((16, 6, 1)\) are satisfied, and such a design is known as a Steiner system \(S(2, 6, 16)\).
   - Since all conditions are met and the lower bound calculation confirms \(n = 16\) is achievable, the minimal \(n\) is indeed 16.

Thus, the smallest integer \( n \) for which this is possible is:
\[
\boxed{16}
\]

Solution 9:
To solve the problem, we need to determine the smallest number of colors \( n \) such that each of eight boxes contains six balls, each colored with one of \( n \) colors, with the conditions that no two balls in the same box are the same color, and no two colors occur together in more than one box.

### Step-by-Step Solution

1. **Understanding the Problem**:
   - Each box contains 6 distinct colors.
   - No two colors can appear together in more than one box.

2. **Combinatorial Design**:
   - This problem can be modeled as a Steiner system \( S(2, 6, n) \), where each pair of elements (colors) appears in exactly one block (box).
   - The total number of pairs across all boxes is \( 8 \times \binom{6}{2} = 8 \times 15 = 120 \).
   - The total number of pairs available with \( n \) colors is \( \binom{n}{2} \).

3. **Calculating the Minimum \( n \)**:
   - We need \( \binom{n}{2} \geq 120 \).
   - This simplifies to \( \frac{n(n-1)}{2} \geq 120 \), or equivalently, \( n(n-1) \geq 240 \).
   - The smallest \( n \) satisfying this inequality is \( n = 16 \) because \( 16 \times 15 = 240 \).

4. **Verification via Steiner System**:
   - A Steiner system \( S(2, 6, 16) \) would have \( \binom{16}{2} / \binom{6}{2} = 120 / 15 = 8 \) blocks (boxes), which matches the problem's requirement of 8 boxes.
   - The necessary conditions for a Steiner system \( S(2, 6, 16) \) are:
     - \( (v-1) \) is divisible by \( (k-1) \): \( 15 \div 5 = 3 \) (satisfied).
     - \( v(v-1) \) is divisible by \( k(k-1) \): \( 240 \div 30 = 8 \) (satisfied).

5. **Conclusion**:
   - Since the Steiner system \( S(2, 6, 16) \) exists and meets all the conditions, the smallest integer \( n \) that satisfies the problem is \( \boxed{16} \).

Evaluation Process:

1. Initial Screening
  - Group solutions by their final answers
  - Identify and explain mathematical contradictions between different answers
  - Eliminate solutions with clear mathematical errors

2. Detailed Analysis
  For remaining solutions, evaluate:
  - Mathematical precision and accuracy
  - Logical progression of steps
  - Completeness of mathematical reasoning
  - Proper use of mathematical notation, including \boxed{}
  - Handling of edge cases or special conditions
  - For solutions containing and addressing errors, evaluate the error identification and correction methodology.

3. Solution Comparison
  Compare viable solutions based on:
  - Efficiency of approach
  - Clarity of mathematical reasoning
  - Sophistication of method
  - Robustness of solution (works for all cases)

Your response should include:
1. Brief analysis of conflicting answers
2. Detailed evaluation of mathematically sound solutions
3. Justification for eliminating incorrect solutions
4. Clear explanation for selecting the best approach

End your evaluation with exactly:
Judgment: [IDX]
where IDX is the index 0-9 of the best solution.",23,comb_graph,genselect
limo_38ad64fc,"Al walks down to the bottom of an escalator that is moving up and he counts 150 steps. His friend, Bob, walks up to the top of the escalator and counts 75 steps. If Al's speed of walking (in steps per unit time) is three times Bob's walking speed, how many steps are visible on the escalator at a given time? (Assume that this value is constant.)",120,other,limo
aimo3_hard_740c4b45,"Milly walks from her home at (0,0) to the gym at (6,6) in a 6x6 grid, always taking the shortest path. She buys coffee at either (2,2) or (4,4) on her way. How many different shortest paths can Milly take to the gym?",624,comb_graph,aimo3_hard
aimo3_hard_ae886d01,"How many years will it take for June 14 to fall on a Saturday again, given that June 14, 2008, was a Saturday?",5,other,aimo3_hard
limo_43aab67a,"Given that $A_k = \frac {k(k - 1)}2\cos\frac {k(k - 1)\pi}2,$ find $|A_{19} + A_{20} + \cdots + A_{98}|.$",40,other,limo
aimo3_hard_f0c37bd7,"On a $2 \times 2$ chessboard, a rook starts at the top left corner and can only move down or right. How many distinct paths can the rook take to reach the bottom right corner?",2,comb_graph,aimo3_hard
aimo3_hard_53901223,"Given a 12 cm long wire, into how many pieces do we have to cut the wire to create the edge-skeleton of a cube with edge length 1 cm, where pieces of wire are glued at the vertices of the cube?",4,comb_graph,aimo3_hard
aimo3_hard_7a7ef2c3,"The average math score on the SAT for Melon Valley High School is 500, with a standard deviation of 25 points. If 300 students take the test, how many students will score between 475 and 525?",204,other,aimo3_hard
aimo3_hard_e26d2568,Find an upper bound for the expression $|2^{1/n} - 1|$ as $n$ approaches infinity.,1,other,aimo3_hard
limo_31477f4f,Compute \[\frac{(10^4+324)(22^4+324)(34^4+324)(46^4+324)(58^4+324)}{(4^4+324)(16^4+324)(28^4+324)(40^4+324)(52^4+324)}.\],373,other,limo
limo_8857bbfb,Let $x=\frac{4}{(\sqrt{5}+1)(\sqrt[4]{5}+1)(\sqrt[8]{5}+1)(\sqrt[16]{5}+1)}.$ Find $(x+1)^{48}.$,125,other,limo
limo_c658826c,"A gardener plants three maple trees, four oaks, and five birch trees in a row. He plants them in random order, each arrangement being equally likely. Let $\frac m n$ in lowest terms be the probability that no two birch trees are next to one another. Find $m+n$ . ",106,comb_graph,limo
limo_9fe7f73f,"A large candle is $119$ centimeters tall.  It is designed to burn down more quickly when it is first lit and more slowly as it approaches its bottom.  Specifically, the candle takes $10$ seconds to burn down the first centimeter from the top, $20$ seconds to burn down the second centimeter, and $10k$ seconds to burn down the $k$ -th centimeter.  Suppose it takes $T$ seconds for the candle to burn down completely.  Then $\tfrac{T}{2}$ seconds after it is lit, the candle's height in centimeters will be $h$ .  Find $10h$ .",350,other,limo
aimo3_hard_6cc6f22b,Calculate the selling price for a product with a cost price of $10 to achieve a 50% net margin after a 20% sales tax.,30,other,aimo3_hard
limo_54ce2a72,"Given that $\log_{10} \sin x + \log_{10} \cos x = -1$ and that $\log_{10} (\sin x + \cos x) = \frac{1}{2} (\log_{10} n - 1),$ find $n.$",12,other,limo
aimo3_hard_5466d797,Find $\mathbb{E}[|Y| \mid X = 0]$.,0,other,aimo3_hard
limo_8ac52a61,Find $(\log_2 x)^2$ if $\log_2 (\log_8 x) = \log_8 (\log_2 x)$ .,27,other,limo
limo_577e962d,Compute $\sqrt{(31)(30)(29)(28)+1}$ .,869,other,limo
aimo3_hard_a594b128,"How many bulbs should we buy if we want to be 95% certain that we will have 1000 hours of light, assuming all the bulbs are burning simultaneously, and the lifetime of each bulb is exponentially distributed with mean $100$ hours?",16,other,aimo3_hard
aimo3_hard_3c2c6fe2,"A woman lives in a 36-floor building. When she leaves her apartment and goes to the lift, there are 3 times more chances that the lift will take her up than down (3:1, up:down). On which floor does she live?",9,other,aimo3_hard
aimo3_hard_476ffa79,"Person A puts 3 gifts into a box every 30 seconds, and immediately after, Person B takes 2 gifts out. After how long, in minutes, will the box first contain 30 gifts?",14,other,aimo3_hard
aimo3_hard_d46bc150,How many balls of radius $\frac{1}{2}$ are needed to cover completely a ball of radius 1 in $\mathbb{R}^3$?,16,geo_circle,aimo3_hard
limo_679a716d,"A rectangle has sides of length $a$ and 36. A hinge is installed at each vertex of the rectangle, and at the midpoint of each side of length 36. The sides of length $a$ can be pressed toward each other keeping those two sides parallel so the rectangle becomes a convex hexagon as shown. When the figure is a hexagon with the sides of length $a$ parallel and separated by a distance of 24, the hexagon has the same area as the original rectangle. Find $a^2$ . [asy] pair A,B,C,D,E,F,R,S,T,X,Y,Z; dotfactor = 2; unitsize(.1cm); A = (0,0); B = (0,18); C = (0,36); // don't look here D = (12*2.236, 36); E = (12*2.236, 18); F = (12*2.236, 0); draw(A--B--C--D--E--F--cycle); dot("" "",A,NW); dot("" "",B,NW); dot("" "",C,NW); dot("" "",D,NW); dot("" "",E,NW); dot("" "",F,NW); //don't look here R = (12*2.236 +22,0); S = (12*2.236 + 22 - 13.4164,12); T = (12*2.236 + 22,24); X = (12*4.472+ 22,24); Y = (12*4.472+ 22 + 13.4164,12); Z = (12*4.472+ 22,0); draw(R--S--T--X--Y--Z--cycle); dot("" "",R,NW); dot("" "",S,NW); dot("" "",T,NW); dot("" "",X,NW); dot("" "",Y,NW); dot("" "",Z,NW); // sqrt180 = 13.4164 // sqrt5 = 2.236[/asy]",720,comb_graph,limo
aimo3_hard_a40d31f1,"Given a graph \( Graph_1 \), let \( S(Graph_1) := \{X \subset E \mid (G, E \setminus X) \text{ is Eulerian} \} \). Find \( \min_{X \in S(Graph_1)} |X| \).",3,comb_graph,aimo3_hard
aimo3_hard_4b657eda,"Let $L_N=\{\underline0,S,+,\cdot~,<\}$ be the language of the natural numbers and let $\mathcal A$ be the $L_N$-structure with underlying set $\mathbb N$. Furthermore, $\beta$ is a variable assignment with $\beta(v_n)=2n ~\forall n \in \mathbb N_0$. Calculate $t_2^{\mathcal A}[\beta]$, where $t_2=(S(S(\underline0))\cdot v_{2016} +(S(v_{2015})+t_1))$.",24184,other,aimo3_hard
aimo3_hard_b1be787d,"How many balls of 3 inches in diameter can fit in a house-shaped box with the given dimensions without exceeding the actual number of balls? The box has a base of 80 inches by 70 inches, a height of 31 inches, and a triangular roof with a base of 70 inches and a height of 19 inches.",16042,geo_circle,aimo3_hard
aimo3_hard_a416d104,"A wholesaler sells sneakers at 20.00 reais per pair for orders of less than 50 pairs. For orders of 50 pairs or more (up to 600 pairs), the price per pair decreases by 0.02 reais per pair. What should be the ordered quantity to provide the highest possible revenue?",500,other,aimo3_hard
aimo3_hard_140950ac,Simplify $156^{107} \pmod{17}$ to $3^{11} \pmod{17}$. How is the exponent $11$ obtained?,11,other,aimo3_hard
aimo3_hard_355b5310,How many shares priced at $0.87 each must be purchased to achieve an average share price of $1.00 when already owning 6000 shares priced at $1.34 each?,15692,other,aimo3_hard
aimo3_hard_324425c6,"Ram completed a piece of work in 10 days. When the work was extended by 75%, Ram reduced his speed to \(\frac{1}{A}\) times for the extended work. For the same extended work, Ravi took \(3.2B\) days. If they worked together to finish the initial work (excluding the extended work), they would take \(\frac{480}{47}\) days and \(\frac{160}{21}\) days if Ram worked at his slower and faster speeds respectively, during his entire work. Find \(A + B\) (Take \(A\) and \(B\) up to two decimal places).",9.0,other,aimo3_hard
aimo3_hard_47623248,"For a shower head with an inner circle of 12 jets, a middle circle of 18 jets, and an outer circle of 36 jets, how many radii pass through two jets?",18,geo_circle,aimo3_hard
aimo3_hard_5bb81bdb,Use $\prod_{n\geq 0}(1+z^{2^n})=\frac{1}{1-z}$ to solve the problem.,2,other,aimo3_hard
aimo3_hard_c9d5fc35,"How many different records are possible of people leaving the lift if 8 people (3 men and 5 women) use a lift that starts at floor 1 and goes up to floor 6, and the computer can distinguish between men and women?",4410,other,aimo3_hard
aimo3_hard_120e78d1,"For \(n = 3\), the largest set of \(\hat{S}_{3}\) is \(\{1, 3\}\). Verify that \(|\{1, 3\}| \leq |\{s: s \in (a_{j})_{j \in \mathbb{N}}, s \leq 3\}|\).",2,other,aimo3_hard
aimo3_hard_956e01e1,"One hundred people are standing in a line and they are required to count off in fives as “one, two, three, four, five” and so on from the first person in the line. Anyone who counts “five” walks out of the line. Those remaining repeat this procedure until only four people remain in the line. What was the original position in the line of the last person to leave?",98,other,aimo3_hard
aimo3_hard_6f6dc44e,"If the expression \( (((i^i)^i)^i)^i \cdots \) approaches a limit, find the limit.",1,analysis,aimo3_hard
aimo3_hard_d7ce34b3,How many 6-digit codes read the same forward as backward if each digit must be unique?,720,other,aimo3_hard
aimo3_hard_1deef9a7,How many elements of order 5 can a group of order 90 contain?,4,other,aimo3_hard
aimo3_hard_ac0ccfdb,"How many ways of cutting the necklace would result in a cut order of (3,6,4,2,4,4,3,5,6,2,5,5,4,1,3)?",1,other,aimo3_hard
aimo3_hard_3723902f,"In a ""very strange"" world of Facebook, everyone has 1000 friends. Every $n$ people will have exactly $\lceil{1000 * (\frac{1}{10})^{n-1}}\rceil$ friends in common if $n \leq 3$, not more than one friend in common if $n$ is between 4 and 1000 (inclusive), and 0 friends in common otherwise. How many people are there in this world? If there can be more than one answer, what are the lower and upper bounds for this number? Friends and self are excluded from friends of friends.",9991,other,aimo3_hard
aimo3_hard_05887f07,"A person with $ \$256 $ makes $ 8 $ bets and wins exactly four times. The wins and losses occur in random order. If each wager is for half of the money she has at the time of the bet, how much will she win or lose?",81,comb_probability,aimo3_hard
aimo3_hard_0b76babe,How many ways can you get a bag of 12 donuts if you want at least 3 glazed donuts and at least 4 chocolate donuts?,6,other,aimo3_hard
aimo3_hard_b2d3642a,"Evaluate the integral $\int_0^{\frac{\pi}{\omega}}\sin(\omega t)\cos(n\omega t)\,dt$.",0,analysis,aimo3_hard
aimo3_hard_b860e5b5,"Let \( f_{0}(x) = \frac{1}{1-x} \) and \( f_{n}(x) = f_{0}(f_{n-1}(x)) \) for \( n = 1, 2, 3, \ldots \). Evaluate \( f_{9^k}(1125) \).",1125,other,aimo3_hard
aimo3_hard_ff9014b3,"Given the string $aaaaaaaabbbbbbbbcccccccccdddddeeeeef$ (8 $a$'s, 8 $b$'s, 9 $c$'s, 5 $d$'s, and 1 $f$), how many distinct 4 letter strings can be made?",512,other,aimo3_hard
aimo3_hard_23fe64de,"Calculate the probability that the average weight of 50 passengers (with luggage) will exceed 11,000 lbs, given that passengers (with luggage) weigh an average of 200 lbs with a standard deviation of 50 lbs.",0.0023,comb_probability,aimo3_hard
aimo3_hard_3e74e24f,"Parents have told Deepa and Tara that the amount of their Christmas gift will be a power of 2, ranging from $32$ to $1024$. The parents will randomly select one of the pairs $(5,6)$, $(6,7)$, $(7,8)$, $(8,9)$, or $(9,10)$ from the set $C = \{5,6,7,8,9,10\}$. If the pair $(k, k+1)$ is selected, then two sealed envelopes will be prepared, one with a gift check for $2^k$ and another for $2^{k+1}$. These envelopes will be randomly given to Deepa and Tara. Each can only see the value of the gift check in their envelope and decide whether to keep it or exchange it with their sister's envelope. If one proposes an exchange, they must pay $1$ to the parents as a fee, and the exchange can only occur if the sister agrees. If Deepa finds that she has an envelope containing a gift check for $256$, what will be her expectation if she proposes to exchange her envelope with Tara's? Do you believe any exchange will take place?",319,comb_probability,aimo3_hard
aimo3_hard_81984683,"Given $m \ll N$, $A \in \mathbb{R}^{m \times N}$ with entries $A_{ij} \sim \mathcal{N}(0, 1/m)$, and $z \in \mathbb{R}^m$ with entries $z_i \sim \mathcal{N}(0, 1)$, what is $\mathrm{Var}(\mathrm{Proj}_{\mathcal{R}(A^T)}(z))$?",1,other,aimo3_hard
aimo3_hard_7e6bfa5e,"Chelsea adds a certain number of rows to the bottom of a staircase and numbers the squares. The top number in the 15th column is 405. How many rows did Chelsea add below the original staircase? Note that in a normal staircase, the 15th column would have 29 squares.",12,other,aimo3_hard
aimo3_hard_5ed73b1c,Simplify the fraction \(\frac{(3^{2008})^2}{(3^{2007})^2} - \frac{(3^{2006})^2}{(3^{2005})^2}\). Note that the answer is not 0.,9,other,aimo3_hard
aimo3_hard_e4945619,"Two brothers sold a herd of sheep, receiving as many dollars per sheep as the number of sheep in the herd. They divided the money by alternately taking $10 each, until the younger brother found less than $10 remaining on his turn. To make the division fair, the older brother gave the younger brother his penknife. How much is the penknife worth?",4,other,aimo3_hard
aimo3_hard_36d12ee2,"Estimate, with $99\%$ confidence, the proportion of Canadian drivers who want the speed limit raised to $130$ kph. The estimate must be accurate to within $5\%$. How many drivers must be surveyed if the initial estimate of the proportion is $0.60$?",638,analysis,aimo3_hard
aimo3_hard_72e9aa53,"A crew of an 8 oar boat has to be chosen out of 11 people, where 5 can row on the stroke side only, 4 can row on the bow side only, and 2 can row on either side. How many different selections can be made?",145,other,aimo3_hard
aimo3_hard_fd6ff8fa,"In a rat in maze problem, the rat starts at position ""1"" and can move to positions ""2"" or ""3"". From ""2"", the rat can move to ""Torture"" or ""3"". From ""3"", the rat can move to ""Torture"". The probabilities of moving from ""1"" to ""2"" and from ""1"" to ""3"" are both 1/2. The probabilities of moving from ""2"" to ""Torture"" and from ""2"" to ""3"" are 1/4 and 3/4, respectively. The probability of moving from ""3"" to ""Torture"" is 1/4. Calculate the probability that the rat reaches ""Torture"".",1,comb_probability,aimo3_hard
aimo3_hard_0245425c,"A dishonest merchant makes a 10% profit at the time of buying and a 5% loss at the time of selling the goods. If the merchant made a profit of $900 on a particular item, what was the real cost of the item sold?",18000,other,aimo3_hard
aimo3_hard_6752e524,"There are 12 balls in a basket, 6 green and 6 red. Each ball has an equal probability of being selected. How many different ways can 3 green balls be selected in a row twice, without replacement and without regard to order?",20,comb_probability,aimo3_hard
aimo3_hard_01d4342a,"In a game where a player bets $1 on whether the outcome of a six-sided die roll is odd or even and wins double their bet if they guess correctly, how much money can you expect to make after 100 people play the game?",0,other,aimo3_hard
aimo3_hard_c3d4be1c,"How many ways can two pizzas be ordered if each pizza can have up to 3 toppings chosen from 7 available toppings, where double and triple toppings of the same kind are allowed, and the order of toppings does not matter?",14400,other,aimo3_hard
aimo3_hard_00dd28b2,How many square submatrices of order 3 can be formed from a $4 \times 3$ matrix?,4,other,aimo3_hard
aimo3_hard_7826cab0,Find a lower bound for $\left|2+2x\right|$ in the context of proving the continuity of $\frac{x}{1+x}$ at $x=1$.,2,other,aimo3_hard
aimo3_hard_82e3d796,How many ring homomorphisms are there from $\mathbb{Z} \times \mathbb{Z} \times \mathbb{Z}$ into $\mathbb{Z}$?,3,other,aimo3_hard
aimo3_hard_4a1ce2b8,In how many ways can five people stand in a row for a picture if either Hal or Ida (but not both) are included?,1200,other,aimo3_hard
aimo3_hard_42fd6c61,"Given that the average score of a lesson during exams is $75\%$ with a variance of $25\%$, how many students need to take the exam to ensure that the average score is within $75 \pm 5\%$ with a probability of $90\%$?",3,comb_probability,aimo3_hard
aimo3_hard_b60336a5,"In a football championship with 2021 teams where each team plays every other team exactly once, the winning team gains 3 points, the losing team gains 0 points, and in the case of a draw, both teams gain 1 point each. The OBM Futebol Clube won their first match and has a tiebreaker advantage. What is the minimum final point total for OBM Futebol Clube to have a chance to reach the final?",2021,other,aimo3_hard
aimo3_hard_c9a47e3a,Could you provide a few numerical examples of computing the product \(\prod\limits_{p|h; p>2}\frac{p-2}{p-1}\)?,1,analysis,aimo3_hard
aimo3_hard_2eb57e01,"Given 26 countries where 24 are exporters, how many exporter-importer pairs can be formed?",600,other,aimo3_hard
aimo3_hard_4d3d708a,How many orders of magnitude greater is an area of 6 km$^2$ compared to an area of 0.1 km$^2$?,2,other,aimo3_hard
aimo3_hard_adb18c2d,"The current erection cost of a structure is Rs. $13,200$. If the labour wages per day increase by $\frac{1}{5}$ of the current wages and the working hours decrease by $\frac{1}{24}$ of the current period, then what is the new cost of erection in Rs.?",15180,other,aimo3_hard
aimo3_hard_712f430d,"You are trying to get from point A to point B 10 times. At each journey, a coin is flipped: if it's heads, a wall appears in the middle (scenario 2); if it's tails, no wall appears (scenario 1). Construct a method to minimize the distance covered. What is the expected distance covered over those 10 walks?",15,comb_probability,aimo3_hard
aimo3_hard_086c18d8,Evaluate the sum $\sum_{i=0}^{\log_2(7)} 2^i$.,13,other,aimo3_hard
aimo3_hard_aaf70ee8,"Four of six possible essay questions will be on the exam. If two questions are in part A and two questions are in part B, and one question must be chosen from both part A and part B, how many essay questions must be studied for?",5,other,aimo3_hard
aimo3_hard_33fbbee0,"How many apples do you need to sample from a harvest of 200,000 apples to estimate the number of rotten apples within ±20% with 95% confidence?",25,other,aimo3_hard
aimo3_hard_1c1f3aeb,"A student has to take twelve hours of classes a week. Due to her extracurricular activities, she must take at least three hours of classes on Monday, at least two on Thursday, and at least one on Friday. In how many ways can she do this?",210,other,aimo3_hard
aimo3_hard_e6a54db3,"In how many ways can a family order if at most one dish of each kind is chosen from a menu with 6 chicken dishes, 5 beef dishes, 9 seafood dishes, and 10 vegetable dishes?",4619,other,aimo3_hard
aimo3_hard_8b3f85e2,"From 4 oranges, 3 bananas, and 2 apples, how many selections of 5 pieces of fruit can be made, taking at least 1 of each kind?",98,other,aimo3_hard
aimo3_hard_dbd84025,"How many ways can 2 items be selected from a set containing 2 red, 1 green, and 1 blue item?",4,other,aimo3_hard
aimo3_hard_e490f734,How many ways can 8 different items be distributed among 2 groups with different sizes?,92,other,aimo3_hard
aimo3_hard_f8694137,"You're going into a restaurant for dinner and you're getting at most one soup, at most one main dish, and at most one dessert. The restaurant offers 3 different soups, 9 different main dishes, and 4 different desserts. How many ways can you order?",200,other,aimo3_hard
aimo3_hard_376f2175,A man buys some bottles for $300 and breaks 10 of them. He sells the remaining bottles with a markup of 4 and makes a $100 profit on the entire transaction. How many bottles did he buy?,50,other,aimo3_hard
aimo3_hard_6d4978e2,In how many ways can five couriers (two of whom are trainees) be allocated to three deliveries?,60,other,aimo3_hard
aimo3_hard_11a37b13,"Let \( E \) be the elliptic curve \( y^2 = x^3 + 1 \) over the finite field \( \mathbb{F}_{599} \). Using Hasse's theorem, find the upper bound of the order of \( E(\mathbb{F}_{599}) \).",649,other,aimo3_hard
aimo3_hard_779fac7b,Verify that $8$ divides $\binom{8}{4}-\binom{4}{2}$.,64,other,aimo3_hard
aimo3_hard_607d545f,How many different basketball teams can be formed from a squad of 12 men if only 2 of the men can play center and these two can play in no other position?,420,other,aimo3_hard
aimo3_hard_9dd935c1,A rental car agency has 12 identical cars and 7 identical vans. In how many different ways can a group select four cars and two vans?,10395,other,aimo3_hard
aimo3_hard_9608d2ab,Seven people go to a restaurant which serves four foods. How many different orders are possible?,120,other,aimo3_hard
aimo3_hard_adff45b9,"In a 4-leveled circular park, a person starts at point \( M \), which is between \( A \) and \( C \), and can move inward through brown paths to reach the center \( O \). The person never retraces any path and can only move inward through the brown paths. How many different ways can the person reach the center \( O \)?",6,comb_graph,aimo3_hard
aimo3_hard_537540b3,"A class of 10 students is electing a president and two vice presidents for student council. If each student in the class is eligible for either office and no student may hold multiple offices, how many different ways can the president and two vice presidents be selected?",360,other,aimo3_hard
bigmath_80a4e2e0,"Mary is going on a business trip, which involves multiple layovers and time zone changes. It takes 10 minutes for her Uber to get to her house and 5 times longer to get to the airport. It takes 15 minutes to check her bag and three times as long to get through security. Then, she has to wait for 20 minutes for her flight to start boarding and twice as long before the plane is ready to take off. 

During her trip, she has two layovers. Her first layover is 3 hours and 25 minutes, but there is a 45-minute delay for her next flight. Her second layover is 1 hour and 50 minutes, and this flight is on time. After her layovers, she finally arrives at her destination, which is in a time zone 3 hours ahead of her starting point.

Considering all these factors, how long does it take Mary, including time zone changes, to complete this entire process from the moment her Uber arrives at her house until she reaches her final destination?",12,other,bigmath
bigmath_38ae256e,"Check that in 3-adic arithmetic, 201 is the square root up to three digits of the number \( .112101_3 \).

Now, let's find \( B_{n+1} \), the square root of \( A \) to \( n+1 \) digits where \( B_{n} \) is already known. We seek \( B_{n+1} \) as:

\[ B_{n+1} = B_{n} + x \cdot 10^n \]

where \( x \) is a single-digit p-adic number. Squaring \( B_{n+1} \) gives:

\[ B_{n+1}^2 = B_{n}^2 + 2B_{n} \cdot x \cdot 10^n + x^2 \cdot 10^{2n} \]

We need the last \( n+1 \) digits of \( B_{n+1}^2 \) to match those of \( A \). Thus:

\[ 2B_{n} \cdot x \cdot 10^n = (A - B_{n}^2) \]

Finally, we find that \( n+1 \) last digits of \( 2B_{n} \cdot x \cdot 10^n \) must match those of \( A - B_{n}^2 \).

Example: Find the square root up to four digits of 3-adic number \( ...112101_3 \). The square root up to three digits (problem 106) is 201. We search for the number in the form \( (201 + x \cdot 10^3) \). We have:

\[ (201 + x \cdot 10^3)^2 = 201^2 + 2 \cdot 201 \cdot x \cdot 10^3 + x^2 \cdot 10^6 = 112101 + 1102000 \cdot x + x^2 \cdot 10^6 \]

The last four digits of this number must match the corresponding digits of \( ...112101 \). This leads to:

\[ 1102000 \cdot x \equiv ...112101 - 112101 - x^2 \cdot 10^6 = ...001000 \]

The fourth digit from the right of \( 1102000 \cdot x \) in 3-arithmetic is \( 2x \), and for \( ...001000 \) it is 1:

\[ 2x = 1 \quad (\text{in 3-arithmetic}) \]

Thus, \( x = 2 \). Check to confirm that \( 201 + 2 \cdot 10^3 = 2201 \) is indeed the square root of \( ...112101_3 \) to four digits.

The numbers are arranged as follows:

\[ 
\begin{aligned}
& ... b_1 = B_1 \\
& ... b_2 b_1 = B_2 \\
& ... b_3 b_2 b_1 = B_3 \\
& ... b_4 b_3 b_2 b_1 = B_4 
\end{aligned}
\]

The numbers on the main diagonal form the p-adic number \( B = ... b_4 b_3 b_2 b_1 \), satisfying \( B^2 = A \).

If \( p \neq 2 \) and the last digit of the p-adic number \( A \) is non-zero, a square root of \( A \) can be found if and only if the last digit of \( A \) is a square in p-arithmetic.",2201,alg_polynomial,bigmath
bigmath_e4a569c8,"A is hiking on a trail through various terrains and stops at different checkpoints. A starts hiking at a speed of 10 kmph. After hiking for 2 hours, A has to walk through sandy terrain which reduces his speed to 5 kmph for the next 3 hours. A then reaches a checkpoint where he takes a break for 1 hour. Following this, A hikes through a hilly region for 2 hours at a reduced speed of 8 kmph. 

B starts cycling 7 hours after A sets off and cycles at a constant speed of 20 kmph. He does not stop for any breaks. Considering the different terrains and stops, find the distance from the start where B catches up with A.",85,comb_graph,bigmath
bigmath_9a8b1a7c,"Amber and Josh are flying to France for vacation. Their flight leaves at 8:00 pm and as an international flight, it's recommended that they check in 2 hours early. They can leave their house at the latest by 5:00 pm. How long does it take to drive to the airport, considering they need another 15 minutes to park their vehicle and make their way to the terminal?",45,other,bigmath
bigmath_2106ae6f,"Hasan is packing up his apartment because he’s moving across the country for a new job. He needs to ship several boxes to his new home. The movers have asked that Hasan avoid putting more than a certain weight in pounds in any cardboard box. The moving company has helpfully provided Hasan with a digital scale that will alert him if a package is too heavy. Hasan is in the kitchen, and he fills a cardboard box with 38 dinner plates. When he checks the box, the scale reports his box is too heavy. Hasan knows each of his plates weighs 10 ounces. He removes a single plate from the box and checks the movers’ scale again. The scale reports his box is still too heavy. Hasan repeats the process again and again. When he has removed enough plates, the movers’ scale shows the box is now an acceptable weight for shipping. Hasan deduces that each shipping box can hold 20 pounds before the scale says the box is too heavy.  How many plates did Hasan need to remove from the shipping box?",6,other,bigmath
bigmath_96353d7f,"Mario has 3 hibiscus plants, 2 rose plants, and 1 sunflower plant in his garden. The first hibiscus plant has 2 flowers and follows a growth rate of 3 new flowers each week. The second hibiscus plant has twice as many flowers as the first hibiscus plant and follows a growth rate of 4 new flowers each week. The third hibiscus plant has four times as many flowers as the second hibiscus plant and follows a growth rate of 5 new flowers each week.

For the rose plants, the first rose plant has 3 flowers and follows a growth rate of 2 new flowers each week. The second rose plant has 5 flowers and follows a growth rate of 3 new flowers each week.

The sunflower plant initially has 6 flowers and its growth rate doubles the number of flowers every week.

Given that it is the beginning of the third week since Mario last checked his garden, calculate the total number of blossoms that Mario now has in his garden.",88,other,bigmath
bigmath_5b5d15e0,"Jake's dad can drive from their house to the water park in 30 minutes. On his journey, he spends one third of the time driving at 28 miles per hour in the city, one third driving at 60 miles per hour on the highway, and the remaining time at 45 miles per hour on winding roads. If Jake can bike at 11 miles per hour on flat ground, how many hours will it take him to reach the water park, considering that he bikes at 9 miles per hour uphill and 13 miles per hour downhill, where the uphill and downhill paths constitute 40% and 30% of the journey, respectively? Additionally, account for weather conditions that reduce his speed by 10% when cycling on the flat ground due to strong headwinds and by 15% in the downhill section because of wet surfaces.",2.2587,comb_graph,bigmath
bigmath_ff0d0fa4,"Mario has 3 hibiscus plants and 2 rose plants in his garden. The first hibiscus plant has 2 flowers and follows a growth rate of 3 new flowers each week. The second hibiscus plant has twice as many flowers as the first hibiscus plant and follows a growth rate of 4 new flowers each week. The third hibiscus plant has four times as many flowers as the second hibiscus plant and follows a growth rate of 5 new flowers each week. 

For the rose plants, the first rose plant has 3 flowers and follows a growth rate of 2 new flowers each week. The second rose plant has 5 flowers and follows a growth rate of 3 new flowers each week.

Given that it has been 2 weeks since Mario last checked his garden, how many total blossoms does Mario have now?",64,other,bigmath
bigmath_60b1aa22,"Assume that you are in your 60's, targeting to live a long life till 100 and therefore, planning to consume 500 calories less per day than your age's average daily allowance of 2000 calories. Your weekly physical activities include 2 days of intense workout where you need an extra 300 calories, 3 days of moderate exercise requiring an additional 200 calories, and 2 days of rest. Given these conditions, how many calories are you allowed to consume in a week considering both your reduced caloric intake goal and varying daily caloric needs based on activities?",11700,other,bigmath
bigmath_d94beafb,"Gina is considered a bad tipper because she tipped 5%. If good tippers tip at least 20%, how many more cents than normal would Gina have to tip on a bill of $26 to be considered a good tipper? Keep in mind the following additional factors:

- The bill had an 8% discount applied
- A sales tax of 7% was added after the discount
- Gina is using euros, and the current conversion rate is 1 USD = 0.85 EUR.

Calculate the difference in euro cents between her 5% tip and a good 20% tip, taking into account the discount, sales tax, and the currency conversion rate.",326.33,other,bigmath
bigmath_215b5165,"Bobby received his weekly paycheck today.  Although his salary is $450 per week, his actual paycheck is reduced in size because there are some taxes, insurance payments, and fees removed from his pay before his employer writes the check.  If the government removes 1/3 in federal taxes and 8% in state taxes, the health insurance removes $50 per week, the life insurance removes $20 per week, and the city charges him a fee of $10 per week for parking, then what is the final amount left in Bobby's paycheck, in dollars?",184,other,bigmath
bigmath_19fab85d,"Mason is cleaning out all the junk in his attic. Initially, the attic had 20% useful items, 10% valuable heirlooms, and 70% junk. Since then, he has given away 4 useful items to his neighbors and has sold 20 valuable items online. Now, his attic has 16 useful items remaining. Considering the new distribution and the items he has given away or sold, how many junk items does his attic currently have?",60,other,bigmath
bigmath_3db38650,"A restaurant served 9 pizzas during lunch and 6 during dinner today. It also served 4 calzones for lunch, where a calzone is equivalent to half a pizza due to its similar ingredients. The restaurant had to limit its pizza production because of its limited amount of cheese. Considering a calzone as being equivalent to a half pizza, calculate the total quantity of pizza equivalents served today.",17,analysis,bigmath
bigmath_211e787b,"Van was asked to add 46 to 37 and round the result to the nearest ten. He figured that since he was going to have to round anyway, he might as well do it before adding the numbers. He rounded 46 to 50 and 37 to 40, thus getting an answer of $50+40=90$. This answer is not correct. What is the correct answer?",80,other,bigmath
bigmath_03d1151d,"A guy was asked to specify his age in years. He said, ""Take my age some years hence, multiply it by 8 and subtract 8 times of my age 8 years ago and get the half of the result and you will know my age."" The age of that guy was 64. How many years hence did he ask to consider?",8,other,bigmath
bigmath_c781a3bc,One-sixth of a dentist's age at a certain time in the past equals one-tenth of his age 8 years hence. His age now is 32 years. How many years ago was the dentist's age being considered?,8,other,bigmath
bigmath_f2bfe674,"A school organized some Young Pioneers to watch a cultural performance. The teacher sent the team leader to buy tickets first. It is known that each first-class ticket costs 10 yuan, each second-class ticket costs 8 yuan, the team leader took 450 yuan to buy 45 tickets, and got 50 yuan in change. Therefore, the team leader bought $\boxed{\text{first-class tickets}}$.",20,other,bigmath
bigmath_40990034,"The first modern Olympic Games were held in Athens, Greece in 1896, and since then, they have been held every 4 years. If the Olympic Games cannot be held for some reason, the count continues as if they were. Therefore, the 2008 Beijing Olympics was the $\boxed{\text{29th}}$ edition.",29,other,bigmath
bigmath_ae94776b,"The 4th World Cup was held in Brazil in 1950, and since then, it has been held every 4 years. The World Cup held in Russia in 2018 was the $\boxed{\text{21st}}$ edition.",21,other,bigmath
bigmath_61cdb4eb,"The reaction between methane and chlorine follows a two-step mechanism in the presence of ultraviolet light (hν). The first step is the initiation step, in which the chlorine molecule absorbs ultraviolet light and splits into chlorine radicals. In the second step, the reaction proceeds via propagation and termination steps. Determine the amount of methane moles required to react with 2 moles of chlorine in the following mechanism to produce 2 moles of chloromethane and 2 moles of hydrochloric acid, considering that the initiation and propagation steps form a dynamic equilibrium:

Initiation:
Cl2 + hν ⇌ 2Cl*

Propagation:
Step 1: CH4 + Cl* → CH3* + HCl
Step 2: CH3* + Cl2 → CH3Cl + Cl*

Termination:
Step 3: Cl* + Cl* → Cl2",2,other,bigmath
bigmath_bcd02e84,"Consider the following two-step reaction:

Step 1: 2 NH4Cl + Na2CO3 -> 2 NH3 + CO2 + 2 NaCl + H2O
Step 2: 2 KOH + H3PO4 -> K2HPO4 + 2 H2O

Suppose you have 3 moles of Ammonium chloride (NH4Cl), 3 moles of Potassium hydroxide (KOH), 1 mole of Sodium carbonate (Na2CO3), and 1 mole of Phosphoric acid (H3PO4). Find the net number of moles of Ammonia (NH3) formed after both reaction steps.",2,other,bigmath
bigmath_48eb4041,"An algorithm for a problem is as follows:  
Step 1, set $i=1$, $S=0$.  
Step 2, if $i \leq 100$ is true, then go to Step 3; otherwise, output $S$ and end the algorithm.  
Step 3, set $S=S+i$.  
Step 4, set $i=i+1$, and go back to Step 2.  
The output of the algorithm is $\boxed{5050}$.",5050,other,bigmath
bigmath_3a9c7d2f,"Read the pseudocode shown in the diagram. If the algorithm is executed to calculate the result of $-1 + 3 - 5 + 7 - 9$, then the initial value of $a$, $x = \boxed{\_\_\_\_\_\_\_\_}$.

```
S←0  
a←x  
For I From 1 To 9 Step 2  
S←S + a×I  
a←a×(-1)  
End For  
Print S
```",-1,other,bigmath
bigmath_fc85128f,"In 4 weeks, Prudence has a varying sleep schedule influenced by her events and activities. 

Week 1:
From Sunday to Thursday, she sleeps 6 hours a night. On Friday, she sleeps for 9 hours. On Saturday, she sleeps 9 hours. She takes a 1-hour nap on Saturdays and Sundays. On Tuesday and Thursday, she takes a 30-minute power nap after work. However, on Wednesday night, she wakes up for 1 hour due to a thunderstorm.

Week 2:
From Sunday to Thursday, she sleeps 6 hours a night. On Friday, she attends a late-night event, reducing her sleep by 2 hours, resulting in only 7 hours of sleep. On Saturday, she sleeps 8 hours. Her napping schedule remains the same. Additionally, on Monday night, she wakes up for 30 minutes to check on a noise outside.

Week 3:
From Sunday to Thursday, she sleeps 6 hours a night. On Friday, she sleeps for 9 hours. On Saturday, she sleeps for 9 hours again. Her napping schedule remains the same. On Wednesday, she attends a late-evening yoga class and sleeps 30 minutes less that night.

Week 4:
From Sunday to Thursday, she sleeps 6 hours a night. On Friday, she attends a late-night event again, resulting in 7 hours of sleep. On Saturday, she sleeps 10 hours. Her napping schedule remains the same. On Thursday, she stays awake for an extra hour to finish a project, reducing her sleep to 5 hours that night.

With these specific events and activities affecting Prudence's sleep schedule, how much sleep does she get in 4 weeks?",197,other,bigmath
bigmath_eb26079b,"It's Halloween in Chicago. Bob, Mary, John, Sue, and Sam dressed as superheroes and went out to do some trick or treating. They agreed to visit only 10 houses on Main Street and had a goal to have each friend end up with a specific candy type quota. After passing through the houses, the friends counted their initial candy haul:

- Bob has 10 candies: 4 chocolates, 3 gummies, 2 caramels, and 1 lollipop.
- Mary has 5 candies: 1 chocolate, 2 gummies, 1 caramel, and 1 lollipop.
- Sue has 20 candies: 8 chocolates, 6 gummies, 4 caramels, and 2 lollipops.
- John has 5 candies: 2 chocolates, 1 gummy, 1 caramel, and 1 lollipop.
- Sam has 10 candies: 3 chocolates, 4 gummies, 2 caramels, and 1 lollipop.

Their initial candy haul contains a total of 50 candies. In order to balance each person's candy share and ensure everyone has an equal amount of their desired candy types, they have decided on the following quotas:

- Bob wants 5 chocolates, 3 gummies, 2 caramels, and 1 lollipop.
- Mary wants 2 chocolates, 3 gummies, 2 caramels, and 1 lollipop.
- Sue wants 4 chocolates, 4 gummies, 4 caramels, and 2 lollipops.
- John wants 3 chocolates, 2 gummies, 2 caramels, and 1 lollipop.
- Sam wants 3 chocolates, 4 gummies, 2 caramels, and 2 lollipops.

Determine the minimum number of candy swaps required among the friends to achieve their desired candy type quotas, considering they can only swap candies between two friends at a time.",7,comb_graph,bigmath
bigmath_b5347f3b,"Emily wants to analyze the overall weather last week, including rainfall, temperature, wind speed, and humidity. She records the following data:

Monday:
- Rainfall: 2 inches in the morning, 1 inch in the afternoon
- Temperature: 50°F in the morning, 55°F in the afternoon
- Wind speed: 10 mph in the morning, 15 mph in the afternoon
- Humidity: 80% in the morning, 70% in the afternoon

Tuesday:
- Rainfall: Twice the amount of Monday in total
- Temperature: 60°F in the morning, 58°F in the afternoon
- Wind speed: 8 mph in the morning, 20 mph in the afternoon
- Humidity: 75% in the morning, 65% in the afternoon

Wednesday:
- No rain
- Temperature: 62°F in the morning, 60°F in the afternoon
- Wind speed: 12 mph in the morning, 18 mph in the afternoon
- Humidity: 60% in the morning, 55% in the afternoon

Thursday:
- Rainfall: 1 inch
- Temperature: 54°F in the morning, 52°F in the afternoon
- Wind speed: 11 mph in the morning, 21 mph in the afternoon
- Humidity: 68% in the morning, 62% in the afternoon

Friday:
- Rainfall: Total equals the combined amount from Monday through Thursday
- Temperature: 56°F in the morning, 53°F in the afternoon
- Wind speed: 9 mph in the morning, 16 mph in the afternoon
- Humidity: 72% in the morning, 66% in the afternoon

Considering all the weather factors, calculate the daily average rain total for the week.",4,other,bigmath
bigmath_43f4f907,"Professor Oscar has to evaluate his students on the final exams, but this semester, he designed 5 types of exams with varying question types and components for different class sizes. Here's the breakdown of each class, the number of students, and their exams:

Class A, with 30 students:
- 12 multiple-choice questions
- 3 essay questions
- 1 individual presentation

Class B, with 25 students:
- 15 multiple-choice questions
- 5 short-answer questions
- 2 essay questions
- 1 group project with presentations, involving 5 student groups

Class C, with 35 students:
- 10 multiple-choice questions
- 3 essay questions
- 1 interactive group activity per group of 7 students

Class D, with 40 students:
- 11 multiple-choice questions
- 4 short-answer questions
- 3 essay questions
- 1 individual research paper

Class E, with 20 students:
- 14 multiple-choice questions
- 5 short-answer questions
- 2 essay questions
- 1 in-class debate per group of 4 students

Given the varying number of questions, students, and exam components for each of the 5 classes, how many evaluations must Professor Oscar review in total? Consider every component (multiple-choice, short-answer, essay, individual presentation, group project presentation, interactive group activity, individual research paper, and debate) as a separate evaluation.",2680,geo_circle,bigmath
bigmath_5b7ab183,"Alex is working on a science project and has taken pictures of all of the plants in a park near her home. She wants to find out how many of each plant she has pictures of, but she has 1200 pictures, and counting them all will take her a long time. Her teacher suggested she use a program on the computer that can automatically tell her what plant is in each picture and count them for her. However, the processing speed of the program varies depending on the type of plant and has a specific rate per hour.

- For tree pictures, it takes 1.5 minutes to process each picture, with a rate of 35 pictures per hour.
- For flower pictures, it takes 2.5 minutes to process each picture, with a rate of 20 pictures per hour.
- For grass pictures, it takes 1 minute to process each picture, with a rate of 50 pictures per hour.
- For shrub pictures, it takes 3 minutes to process each picture, with a rate of 15 pictures per hour.
- For fern pictures, it takes 2 minutes to process each picture, with a rate of 25 pictures per hour.

There are 300 pictures of trees, 400 pictures of flowers, 250 pictures of grass, 150 pictures of shrubs, and 100 pictures of ferns. Calculate the total processing time for all pictures in hours considering the processing rate per hour for each plant category.",47.57,comb_graph,bigmath
bigmath_e2611da0,"Sue is traveling from New Orleans to San Francisco with multiple layovers and time zone changes. Her journey starts at New Orleans, where she takes a flight to Atlanta, then flies to Chicago, from there to New York, to Denver, and finally, from Denver to San Francisco. All layover times and flight durations are given as local times.

The New Orleans to Atlanta flight takes 2 hours. Atlanta is in the same time zone as New Orleans. Sue has a 4-hour layover in Atlanta before the flight to Chicago. The Atlanta to Chicago flight takes 5 hours. Chicago is 1 hour behind Atlanta. Sue has a 3-hour layover in Chicago. Her last flight before New York, Chicago to New York, takes 3 hours. New York is 1 hour ahead of Chicago. When she arrives in New York, Sue must wait 16 hours for her next flight.

From New York, Sue first travels to Denver, which takes 6 hours. Denver is 2 hours behind New York. Sue has a 5-hour layover in Denver before her final leg to San Francisco. The flight from Denver to San Francisco takes 4 hours. San Francisco is 1 hour behind Denver.

Calculate the total time Sue took to reach San Francisco from New Orleans, considering the time zones and time differences affecting her travel and layovers along her entire journey.",45,other,bigmath
bigmath_d8a17c49,"Mark is a lawyer who works at the county courthouse every day. He encounters variable commute times, unpredictable delays, and security checks on different days of the week. The commute times are as follows:

- Mondays: 35 minutes
- Tuesdays: 45 minutes
- Wednesdays: 25 minutes
- Thursdays: 40 minutes
- Fridays: 30 minutes

On some days, unpredictable delays due to traffic, weather, or periodic courthouse construction, and maintenance affects his commute time. Here are the additional delays he encounters in a week:

- Monday: 5-minute traffic delay
- Wednesday: 10-minute weather delay
- Friday: 8-minute construction delay

In addition, it takes him 5 minutes to find parking and 3 minutes to walk into the courthouse. On Mondays, Wednesdays, and Fridays, he needs to go through an additional security check that takes him 15 minutes. On Tuesdays and Thursdays, he goes through the regular metal detector which takes 30 minutes on Tuesdays and 10 minutes on Thursdays.

Taking into account the different weekday commute times, unpredictable delays, security checks, finding parking, and walking into the courthouse, how much time does Mark spend on all these activities in a week consisting of 5 work days?",323,other,bigmath
bigmath_4c4898b3,"Natalia is participating in a week-long cycling competition. On Monday, she rode 40 kilometers and achieved a 5% bonus for her speed. On Tuesday, she rode 50 kilometers and earned a 3% bonus. On Wednesday, she rode 50% fewer kilometers than she did on Tuesday and gained a 7% bonus for her speed. On Thursday, she rode as many kilometers as the sum of the distances covered on Monday and Wednesday, and earned a 4% bonus for her speed.

On Friday, she increased her ride distance by 20% compared to the distance she covered on Thursday, and earned a 6% speed bonus. On Saturday, she covered 75% of the distance she covered on Friday but faced a challenging elevation gain, resulting in a 2% bonus. Finally, on Sunday she managed to ride as many kilometers as the difference between the distances she covered on Saturday and Wednesday, and due to an easier elevation, earned a 10% bonus for her speed.

Considering the base distances ridden each day, the bonuses earned for speed, and additional weekend rides with fluctuating elevation gains, how many kilometers did Natalia effectively ride in total during the week-long competition, including those earned from her speed bonuses?",367.05,other,bigmath
bigmath_94d82ad3,"James injured himself while exercising, pulling his hamstring which caused significant pain for 3 days. Based on his physiotherapist's advice, he realized that this type of injury would actually require at least 5 times as long to fully heal, and he needs to keep in mind that a setback or complication could further delay his recovery. To be cautious, he decided that he would wait another 3 days beyond the initial healing time before even considering light workouts.

When he does get back into it, his physiotherapist wants him to start off with light exercises only for 2 weeks. There's a possibility that complications could arise in this stage, adding an additional week for recovery. If everything goes smoothly, James can then progress to moderate intensity workouts for another week.

Assuming there are no further setbacks, his physiotherapist explained that he would need to wait 3 weeks after transitioning to moderate intensity workouts to start lifting heavy again. 

Taking into account the injury, recovery time, potential setbacks, and various workout intensities, how long could it potentially take before James can resume heavy lifting?",67,other,bigmath
bigmath_2e449bea,"Vincent's washer broke, so he had to go to the laundromat. On Wednesday, he washed six loads of clothes, which included two loads of regular clothes, one load of delicate items, and three loads of heavy materials such as towels and beddings. Each type of clothing required different washing settings - regular clothes took 30 minutes, delicate items took 45 minutes, and heavy materials took 60 minutes.

On Thursday, he had time to wash double the number of loads he did the day before. The loads on this day consisted of four regular clothes loads, two delicate item loads, and four heavy materials loads.

On Friday, he had a test and could only manage half of the loads he did on Thursday. He prioritized washing regular clothes and delicate items, so he washed two loads of regular clothes and one load of delicate items that day.

On Saturday, the laundromat closed at noon, and he could only wash a third of the loads of laundry he did on Wednesday. He decided to wash one load of heavy materials.

Considering the different types of clothes, washing requirements, and time constraints, how many loads of laundry had Vincent washed that week?",20,other,bigmath
bigmath_f016d1b0,"Jennifer is an avid aquarist and has decided to expand her collection with both freshwater and saltwater species. She has already set up three large tanks for her goldfish that can each hold 15 goldfish at an optimal water temperature of 23°C. 

Now, Jennifer plans to include Bettas, Guppies, and Clownfish in her collection. Each aquarium tank for a Betta fish, known for their solitary and territorial behavior, houses just one fish at a constant temperature of 25°C. Guppies, on the other hand, are social fish and can be kept in small tanks that accommodate five fish each at a temperature of 22°C. 

Meanwhile, Clownfish are saltwater species and require larger tanks due to their active swimming habits. She is designing special tanks that can house four Clownfish each. The comfortable temperature range for Clownfish is around 22°C-26°C.

Given that Jennifer aims to house a total of 75 fish (including all species), and considering that every tank built needs to be temperature regulated, how many additional tanks does Jennifer need to construct? Note that Jennifer wants to distribute the fishes as evenly as possible across the tanks.",15,other,bigmath
bigmath_babfddac,"Susan is playing an intricate board game with 100 spaces from the starting space to the winning end space. The game is filled with numerous pitfalls, power-ups, and opponents who can influence each other's progress. Susan and three other players are determined to win.

On her first turn, Susan moves forward 15 spaces. On her second turn, she moves forward 7 spaces but lands on a trap that sends her back 5 spaces. She then uses a power-up card on her third turn that allows her to move forward 20 spaces. Unfortunately, during her fourth turn, one of the opponents uses a card that forces Susan to skip her turn.

At her fifth turn, Susan moves forward 10 spaces, but another opponent plays a card that sends her back 8 spaces. Frustrated yet determined, Susan acquires a special power-up card on her sixth turn that doubles her next roll. On her seventh turn, she rolls a 6 and moves forward 12 spaces due to the special power-up card.

Considering all the various obstacles, power-ups, opponents, and unpredictability of the game, how many spaces does Susan have to move to reach the ending space and triumph over her opponents?",49,other,bigmath
bigmath_73b62a6c,"The Rotary Club is holding its annual fundraising Omelet Breakfast, with tickets sold in advance. The tickets come in different price levels, for young children, older children, adults, and seniors. This year they sold 53 small children tickets, 35 older children tickets, 75 adult tickets, and 37 senior tickets. To figure out how many eggs they need to buy, the club estimates that small children can eat a small omelet made with 1 egg, older children can eat a medium omelet made with 2 eggs, adults will eat a large omelet made with 3 eggs, and seniors will eat an extra-large omelet made with 4 eggs. 

Additionally, the club wants to account for the possibility of wasted eggs due to mistakes in cooking or broken eggs. They estimate that an average of 3% of the eggs will be wasted in the process. Just to be on the safe side, they also get enough eggs to make 25 extra omelets, each made with an average of 2.5 eggs.

Considering varying egg quantities for different omelet sizes, potential food waste, and the extra eggs for additional omelets, how many eggs will the Rotary Club need to buy?",574,other,bigmath
bigmath_cb86bbf3,"In a factory, the production of TVs per day depends on several factors including variable production rates, worker shifts, and machinery downtime. Additionally, fluctuating market demand, specific worker productivity rates, and the need for maintenance on certain machines play a significant role in the total number of TVs produced each day.

For the first 25 days of the month, an average of 50 TVs are produced per day, but the daily output varies due to three worker shifts, workers' varying productivity rates, and occasional machinery downtime of 2 hours each day. During the following 5 days, a few workers fall ill, resulting in a reduction in the daily production average for the month to 45 sets/day. There is also an increase in machinery downtime during this period to 3 hours per day, partly due to required maintenance and partly due to fluctuating market demand for TVs.

In light of these complexities, determine the average production per day for the last 5 days of the month, while considering factors such as market demand, worker productivity rates, and machine maintenance.",20,other,bigmath
bigmath_d3707084,"Professor Oscar has to evaluate his students on the final exams, but this semester, he included a mix of question types and different class sizes.

Class A has 30 students, and their exam consists of 12 multiple-choice questions, 3 essay questions, and 1 presentation. 

Class B has 25 students, and their exam consists of 15 multiple-choice questions, 5 short-answer questions, and 2 essay questions.

Class C has 35 students, and their exam consists of 10 multiple-choice questions, 3 essay questions, and 1 group project presentation per group of 5 students.

Class D has 40 students, and their exam consists of 11 multiple-choice questions, 4 short-answer questions, and 3 essay questions.

Class E has 20 students, and their exam consists of 14 multiple-choice questions, 5 short-answer questions, and 2 essay questions.

Given the varying number of questions, students, and components for each of the 5 classes, how many evaluations must Professor Oscar review in total? Consider the evaluations for each component separately (multiple-choice, short-answer, essay, and presentations).",2632,other,bigmath
bigmath_a6305d14,"Johnny is an engineer designing a bridge. The roadway deck for the top of the bridge needs 1600 tons of concrete to construct. The two bridge anchors need equal amounts of concrete, but only one has been built so far, using 700 tons of concrete. Johnny had to calculate how many tons of concrete the supporting pillars underneath the bridge would need, and he found that the total amount of concrete in the entire bridge will be 4800 tons. In addition, let's consider that the bridge will have steel reinforcements weighing 1200 tons distributed across the entire bridge, including the roadway deck, anchors, and supporting pillars. 

Furthermore, Johnny needs to account for the impact of environmental factors, such as the expansion and contraction of materials due to temperature changes. To accommodate for this, he needs to increase the amount of concrete used in both the roadway deck and the supporting pillars by 5%. 

Considering the weight of the steel reinforcements and the impact of environmental factors, how much concrete did Johnny find he needs for the supporting pillars?",1890,other,bigmath
bigmath_8f54f4f7,"Raine's house is just a walking distance from her school, and she takes different routes on different days with additional detours. On Monday, it takes her 150 steps to walk to the school and 170 steps to walk back. On Tuesday, she takes a shorter route of 140 steps to school, but she adds a rest stop on her way back that adds an extra 30 steps to her original route, making it 170 steps back. On Wednesday, she walks 160 steps to school and takes an alternate route back that requires 210 steps. However, she also stops at a friend's house, adding 25 extra steps. On Thursday, she takes the Monday route to school and returns via the same shorter route as on Tuesday, including the rest stop. Additionally, she stops at a store, which adds 15 extra steps. On Friday, she takes the longest route, which has 180 steps to school and 200 steps back, and she visits another friend's house, adding 20 steps to her return journey.

How many steps does she take walking to and from school in five days, considering the different routes and detours?",1760,other,bigmath
bigmath_9639b2b5,"While Carson, Ava, and Liam are visiting the zoo, they each lean over the railing to get the perfect selfie and all fall into the combined wombat, rhea, and porcupine enclosure. There are 9 wombats, 3 rheas, and 2 porcupines. In the first minute, each wombat claws Carson 4 times, each rhea claws Ava once, and each porcupine shoots Liam with 6 quills. However, in the second minute, the animals become agitated, and the clawing and quilling rates double for Carson and Ava, while it triples for Liam. 

After 2 minutes, a zookeeper arrives and calms the animals down, so in the third minute, the clawing and quilling rates return to the initial rates for Carson and Ava, and reduce to 50% of the initial rate for Liam. During the fourth minute, another zookeeper intervenes and gets them all out of the enclosure. 

Calculate the total number of times Carson gets clawed, Ava gets clawed, and Liam gets quilled during their time in the enclosure, considering the changing rates and interventions of the zookeepers over the four minutes.",54,other,bigmath
bigmath_5073af32,"An assembly line produces 36 cogs per hour until an initial order of 60 cogs is completed. After this, the workers take a 30-minute break, and the assembly line is not producing any cogs during this time. The speed of the assembly line is then immediately increased to produce 60 cogs per hour until another 90 cogs are produced. Following this, the workers take a 15-minute break where no cogs are produced. After completing the second break, the assembly line speed is altered throughout the day as follows:

- For the first two hours, the assembly line slows down to 45 cogs per hour and produces 45 cogs during that time.
- Then, the line increases to 50 cogs per hour and produces 100 cogs in the next 2 hours.
- Finally, the line reverts to 36 cogs per hour and continues at this rate until a final order of 60 cogs is produced. 

What is the overall average output, in cogs per hour, for the assembly line during this whole time, considering production rates, break times, and the varying cog order sizes?",41.33,other,bigmath
bigmath_0aaffd5f,"A group of hikers is planning a trip that will take them up a mountain using one route and back down using another route. The upward route consists of various terrains: the first half is a well-maintained trail with tree cover, while the second half is a rocky, open terrain that exposes them to changing weather conditions. The downward route, on the other hand, is a more consistent trail through the forest, which shields them from the elements, allowing them to travel 1.5 times their rate on the way up.

On the first day, the hikers move at a rate of 4 miles per day on the well-maintained trail, but their speed drops to 2 miles per day when they reach the rocky terrain on the second day due to the rough ground and unpredictable weather. The total time it takes for them to climb the mountain is two days.

Considering the varying terrain and weather conditions, how many miles long is the route down the mountain, given that the hikers will take the same amount of time to complete the descent?",9,comb_graph,bigmath
bigmath_716eb4de,"The school nurse must conduct lice checks, vision tests, and hearing tests at three elementary schools. At School A, She must check 26 Kindergarteners, 19 first graders, 20 second graders, 25 third graders, 30 fourth graders, and 28 fifth graders. At School B, she must check 22 Kindergarteners, 25 first graders, 18 second graders, 24 third graders, 27 fourth graders, and 30 fifth graders. At School C, she must check 24 Kindergarteners, 20 first graders, 22 second graders, 26 third graders, 28 fourth graders, and 26 fifth graders.

Each lice check takes two minutes, each vision test takes two minutes, and each hearing test takes three minutes. Each school has a mandatory one-hour lunch break for the nurse and ten-minute breaks between grades. The nurse spends ten minutes traveling between School A and School B and fifteen minutes traveling between School B and School C. How many hours will it take the nurse to complete all the checks and tests for all students in the three schools?",57.25,other,bigmath
bigmath_70715eda,"Bridgette and Alex are getting married. Bridgette is inviting 84 guests, and Alex is inviting two thirds of that number of guests. They hired a caterer to make a three-course plated meal for each guest at the wedding reception. The caterer always makes ten extra plates just in case something goes wrong. 

For the first course, each guest will have a salad that contains 5 cherry tomatoes. The main course consists of steak and asparagus in garlic butter, with 8 asparagus spears for regular portions, and quinoa-stuffed peppers with 6 asparagus spears for the vegetarian option. Additionally, 10% of guests requested larger portions of asparagus and will be receiving 12 spears each. The dessert course includes a fruit salad containing 15 blueberries, 8 raspberries, and 10 blackberries per guest.

Considering the different meal types, portion sizes, and courses, how many cherry tomatoes, asparagus spears, blueberries, raspberries, and blackberries will the caterer need to prepare in all?",1500,other,bigmath
bigmath_7684cf18,"A car traveling through a mountainous terrain with varying speed limits and elevations reaches its destination on time when maintaining an average speed of 40 km/h. However, when the average speed drops to 35 km/h, it arrives 15 minutes late. There are three different speed limit zones, which are 70 km/h, 50 km/h, and 30 km/h. The car spends 50% of its journey in the 70 km/h zone, 30% of its journey in the 50 km/h zone, and the remaining 20% of its journey in the 30 km/h zone. 

In the journey, the car encounters elevation changes as follows: a 4% incline in the 70 km/h zone, a 3% incline in the 50 km/h zone, and a 2% decline in the 30 km/h zone. Additionally, the vehicle encounters wind resistance as follows: a 10% resistance in the 70 km/h zone, a 5% resistance in the 50 km/h zone, and a 3% resistance in the 30 km/h zone. 

Considering traffic conditions, varying speed limits, elevation changes, and wind resistance, what is the total distance of the journey?",70,analysis,bigmath
bigmath_26a5f7c1,"John ends up serving on jury duty for a case involving three defendants with different roles in the crime. Jury selection takes 2 days. The trial itself lasts 4 times as long as jury selection. However, on each day of the trial, 2 hours are spent on reviewing evidence and 1 hour for lunch, apart from the regular 6 hours daily trial session. It is a complicated trial. 

The jury must deliberate separately for each defendant. The number of hours spent in jury deliberation for the first defendant was the equivalent of 6 full days. For the second defendant, the jury took 4 full days of deliberation. The third defendant required 5 full days of deliberation. They spend 14 hours a day in deliberation, considering a 2-hour break for lunch and rest in between. 

How many days does John spend on jury duty in total, taking into account the extra time spent on evidence review, lunch, and breaks during the trial and deliberation periods for all three defendants?",25,other,bigmath
bigmath_18869662,"Tim is a frequent traveler who sleeps according to the following schedule: 
- 6 hours per day for 5 days a week while in his home country, following a local timezone (Timezone A).
- 10 hours a day for 2 days on his weekend trips where he experiences different time zones and daylight saving adjustments.

On a particular trip, Tim starts with sleep hours from Monday to Friday according to his home country's schedule (Timezone A). On his weekend trip, he sleeps 10 hours each day, but experiences a different time zone on each weekend day as follows:
- On Saturday, he is in Timezone B which is +3 hours ahead of Timezone A.
- On Sunday, he is in Timezone C, which is -2 hours behind Timezone A and has a daylight saving adjustment of -1 hour.

Calculate Tim's total sleep in hours for that week, taking the time zone changes and daylight saving adjustments into account. Consider that Tim adjusts his sleep schedule accordingly for each day's local time zone.",50,other,bigmath
aimo3_tir_962d4708,"Given that \\( P \\) and \\( Q \\) are points inside the square \\( ABCD \\), and \\(\\angle PAQ = \\angle PCQ = 45^\\circ\\). Prove:
$$
S_{\\triangle PAB} + S_{\\triangle PCQ} + S_{\\triangle QAD} = S_{\\triangle QCD} + S_{\\triangle PAQ} + S_{\\triangle PBC}.
$$

Please reason step by step and use the python tool to solve the math problem.
Finally, Return only the verified final answer in \\boxed{}. Never guess.",,geo_triangle,aimo3_tir
aimo3_tir_9e2c305a,"Given that \\(\\sin 3x \\neq 0\\) and \\(x \\neq \\frac{\\pi k}{3}\\):

$$
\\begin{gathered}
\\sin^2 2x = \\cos^2 x + \\frac{\\cos 3x}{\\sin 3x} \\\\
4 \\sin^2 x \\cos^2 x - \\cos^2 x = \\frac{\\cos (2x + x)}{\\sin 3x} \\\\
\\cos^2 x \\left(4 \\sin^2 x - 1\\right) = \\frac{\\cos 2x \\cos x - \\sin 2x \\sin x}{\\sin 3x} = \\frac{\\cos^2 x \\left(\\cos 2x - 2 \\sin^2 x\\right)}{\\sin 3x} \\\\
= \\frac{\\cos x \\left(1 - 4 \\sin^2 x\\right)}{\\sin 3x}
\\end{gathered}
$$

Therefore, the conditions are:
\\[
\\left\\{\\begin{array}{c}
\\cos x = 0 \\\\
1 - 4 \\sin^2 x = 0
\\end{array}\\right. 
\\]
or \\(\\sin 3x \\cos x = -1\\).

The solutions are: 
\\[
x = \\frac{\\pi}{2} + \\pi n, \\quad x = \\pm \\frac{\\pi}{6} + \\pi k.
\\]

Moreover:
\\[
\\left\\{
\\begin{array}{c}
\\sin 3x = -1 \\\\
\\cos x = 1
\\end{array}
\\right. 
\\text { or } 
\\left\\{
\\begin{array}{l}
\\sin 3x = 1 \\\\
\\cos x = -1
\\end{array}
\\right.
\\]

These systems have no solutions.

Please reason step by step and use the python tool to solve the math problem.
Finally, Return only the verified final answer in \\boxed{}. Never guess.",,other,aimo3_tir
aimo3_tir_2a093a1c,"Prove that if \\(0 < \\alpha, \\beta \\leqslant \\pi / 4\\), then

$$
\\sqrt{\\tan \\alpha \\tan \\beta} \\leq \\tan \\frac{\\alpha + \\beta}{2} \\leq \\frac{\\tan \\alpha + \\tan \\beta}{2}
$$

Please reason step by step and use the python tool to solve the math problem.
Finally, Return only the verified final answer in \\boxed{}. Never guess.",,other,aimo3_tir
aimo3_tir_83cc8bca,"Prove that the functional equations
$$
\\begin{aligned}
f(x+y) & =f(x)+f(y), \\\\
\\text { and } \\quad f(x+y+xy) & =f(x)+f(y)+f(x y) \\quad(x, y \\in \\mathbb{R})
\\end{aligned}
$$
are equivalent.

Please reason step by step and use the python tool to solve the math problem.
Finally, Return only the verified final answer in \\boxed{}. Never guess.",,alg_equations,aimo3_tir
aimo3_tir_af883a3c,"
Solve the inequality

$$
\\left(\\log _{\\frac{1}{6} x^{2}+\\frac{x}{3}+\\frac{19}{27}}\\left(1+\\frac{x^{2}}{4}\\right) \\cdot \\log _{\\frac{1}{6} x^{2}+\\frac{x}{3}+\\frac{19}{27}}\\left(1-\\frac{x^{2}}{4}\\right)+1\\right) \\log _{1-\\frac{1}{16} x^{4}}\\left(\\frac{x^{2}}{6}+\\frac{x}{3}+\\frac{19}{27}\\right) \\geqslant 1
$$

Please reason step by step and use the python tool to solve the math problem.
Finally, Return only the verified final answer in \\boxed{}. Never guess.",,alg_inequality,aimo3_tir
aimo3_tir_d28e64da,"Find all solutions to the inequality

$$
\\sin ^{2018} x+\\cos ^{-2019} x \\leqslant \\cos ^{2018} x+\\sin ^{-2019} x
$$

within the segment $\\left[-\\frac{5 \\pi}{4} ; \\frac{3 \\pi}{4}\\right]$.

Please reason step by step and use the python tool to solve the math problem.
Finally, Return only the verified final answer in \\boxed{}. Never guess.",,alg_inequality,aimo3_tir
aimo3_tir_2ba20a9f,"The odd function \\( f(x) \\) is monotonically decreasing on the interval \\( (-\\infty, 0) \\), and \\( f(2)=0 \\). Solve the inequality \\( (x-1) f(x+1)>0 \\).

Please reason step by step and use the python tool to solve the math problem.
Finally, Return only the verified final answer in \\boxed{}. Never guess.",,alg_inequality,aimo3_tir
aimo3_tir_373fe891,"Let \\( p(x) \\) be a polynomial of degree \\( 3n \\) such that
\\[
\\begin{array}{c}
p(0)=p(3)=\\cdots=p(3n)=2, \\\\
p(1)=p(4)=\\cdots=p(3n-2)=1, \\\\
p(2)=p(5)=\\cdots=p(3n-1)=0,
\\end{array}
\\]
and \\( p(3n+1)=730 \\). Find \\( n \\).

Please reason step by step and use the python tool to solve the math problem.
Finally, Return only the verified final answer in \\boxed{}. Never guess.",,alg_polynomial,aimo3_tir
aimo3_tir_ac8363dd,"Let $\\sigma = \\{a_{1}, a_{2}, \\cdots, a_{n}\\}$ be a permutation of $\\{1, 2, \\cdots, n\\}$. Define $F(\\sigma) = \\sum_{i=1}^{n} a_{i} a_{i+1}$, where $a_{n+1}=a_{1}$. Find $\\min_{\\sigma} F(\\sigma)$.

Please reason step by step and use the python tool to solve the math problem.
Finally, Return only the verified final answer in \\boxed{}. Never guess.",,comb_counting,aimo3_tir
aimo3_tir_24b4faf3,"Prove that inside a cube with edge length \\(a\\), two regular tetrahedra with edge length \\(a\\) can be placed without sharing any common points.

Please reason step by step and use the python tool to solve the math problem.
Finally, Return only the verified final answer in \\boxed{}. Never guess.",,comb_graph,aimo3_tir
aimo3_tir_2422d18f,"Consider rotations around different axes in space that map vertex \\(A\\) of cube \\(ABCDEFGH\\) to vertex \\(B\\). Find the locus of points on the surface of this cube that correspond to the images of vertex \\(C\\) under such rotations.

Please reason step by step and use the python tool to solve the math problem.
Finally, Return only the verified final answer in \\boxed{}. Never guess.",,comb_graph,aimo3_tir
aimo3_tir_7a46d132,"Place 6 identical coins on the table and arrange them as shown in the image with white circles so that, when you place the seventh coin (black circle) in the center, it touches all six coins. This must be done exactly, not by approximation. You are not allowed to lift any coin off the table or make any measurements. You only have six coins at your disposal.

![image](https://cdn.mathpix.com/cropped/2024_05_21_56f37ca27ac3d928838dg-122.jpg?height=417&width=462&top_left_y=1496&top_left_x=800)

Please reason step by step and use the python tool to solve the math problem.
Finally, Return only the verified final answer in \\boxed{}. Never guess.",,comb_probability,aimo3_tir
aimo3_tir_af0f06d9,"
The volume of the solid of revolution $V_1$ is obtained by rotating the region enclosed by the curves $x^2 = 4y$, $x^2 = -4y$, $x = 4$, and $x = -4$ about the \\( y \\)-axis. 

The volume of the solid of revolution $V_2$ is obtained by rotating the region determined by the points \\((x, y)\\) satisfying the inequalities $x^2 - y^2 \\leq 16$, \\( x^2 + (y - 2)^2 \\geq 4\\), and \\( x^2 + (y + 2)^2 \\geq 4\\) about the \\( y \\)-axis. 

Find the relation between \\( V_1 \\) and \\( V_2 \\):
A. \\(V_1 = \\frac{1}{2} V_2\\)
B. \\(V_1 = -\\frac{2}{3} V_2\\)
C. \\( V_1 = V_2 \\)
D. \\( V_1 = 2 V_2 \\)

Please reason step by step and use the python tool to solve the math problem.
Finally, Return only the verified final answer in \\boxed{}. Never guess.",,geo_3d,aimo3_tir
aimo3_tir_3f1ab06a,"Prove that if the distances between the skew edges of a tetrahedron are \\( h_1, h_2, h_3 \\), then its volume is not less than \\( \\frac{1}{3} h_1 h_2 h_3 \\).

Please reason step by step and use the python tool to solve the math problem.
Finally, Return only the verified final answer in \\boxed{}. Never guess.",,geo_3d,aimo3_tir
aimo3_tir_6ebb70ad,"As shown in the diagram, the incircle \\( O \\) of the rhombus \\( ABCD \\) is tangent to each side at points \\( E, F, G, \\) and \\( H \\). Tangents to circle \\( O \\) are drawn at points on arcs \\( EF \\) and \\( GH \\), meeting \\( AB \\) at \\( M \\), \\( BC \\) at \\( N \\), \\( CD \\) at \\( P \\), and \\( DA \\) at \\( Q \\). Prove that \\( MQ \\parallel NP \\).

Please reason step by step and use the python tool to solve the math problem.
Finally, Return only the verified final answer in \\boxed{}. Never guess.",,geo_circle,aimo3_tir
aimo3_tir_6aa6e622,"In the coordinate plane $XOY$, a rhombus $ABCD$ has a side length of 4, and $|OB| = |OD| = 6$. 
1. Prove that $|OA| \\cdot |OC|$ is a constant value.
2. When point $A$ moves on the semicircle $M: (x-2)^{2} + y^{2} = 4$ for $2 \\leqslant x \\leqslant 4$, find the trajectory of point $C$.

Please reason step by step and use the python tool to solve the math problem.
Finally, Return only the verified final answer in \\boxed{}. Never guess.",,geo_circle,aimo3_tir
aimo3_tir_b66c069a,"A circle is inscribed in a rhombus. Another circle is inscribed in the formed curvilinear triangle (with an acute angle). Find its radius, given that the height of the rhombus is $h$, and the acute angle is $\\alpha$.

Please reason step by step and use the python tool to solve the math problem.
Finally, Return only the verified final answer in \\boxed{}. Never guess.",,geo_circle,aimo3_tir
aimo3_tir_496e21d3,"Let \\(ABC A'B'C'\\) be a hexagon inscribed in a circle. The sides and diagonals \\(AA', BB', CC'\\) of this hexagon are denoted as shown in diagram 33. Prove that

\\[ efg = a a' e + b b' f + c c' g + a b c + a' b' c' \\]

Note: The theorem of this problem can be seen as an extension of Ptolemy's theorem (problem 117) to a hexagon. When \\(c = c' = 0\\) and \\(e = f\\), this theorem simplifies to Ptolemy's theorem.

Please reason step by step and use the python tool to solve the math problem.
Finally, Return only the verified final answer in \\boxed{}. Never guess.",,geo_circle,aimo3_tir
aimo3_tir_e748ba70,"Graph (with justification) on the coordinate plane \\(Oxy\\) the set of solutions of the inequality

$$
\\left(y^{2}-\\arcsin ^{2}(\\sin x)\\right) \\cdot\\left(y^{2}-\\arcsin ^{2}(\\sin (x+\\pi / 6))\\right) \\cdot\\left(y^{2}-\\arcsin ^{2}(\\sin (x-\\pi / 6))\\right)<0
$$

Please reason step by step and use the python tool to solve the math problem.
Finally, Return only the verified final answer in \\boxed{}. Never guess.",,geo_circle,aimo3_tir
aimo3_tir_d28063d1,"In the convex quadrilateral \\(ABCD\\), \\(AC\\) bisects \\(\\angle BAD\\). From point \\(C\\), draw \\(CE \\perp AB\\) at \\(E\\), and \\(AE = \\frac{1}{2}(AB + AD)\\). What is the relationship between \\(\\angle ABC\\) and \\(\\angle ADC\\)?
(A) \\(\\angle ABC = \\angle ADC\\).
(B) \\(\\angle ABC + \\angle ADC = 180^\\circ\\).
(C) \\(\\angle ABC + \\angle ADC = 150^\\circ\\).
(D) \\(\\angle ABC \\neq \\angle ADC\\).

Please reason step by step and use the python tool to solve the math problem.
Finally, Return only the verified final answer in \\boxed{}. Never guess.",,geo_polygon,aimo3_tir
aimo3_tir_64d69376,"As shown in Figure 3.4.3, in the cyclic convex pentagon \\(ABCDE\\), if \\(AC \\parallel DE\\), \\(BD \\parallel AE\\), \\(CE \\parallel AB\\), \\(DA \\parallel BC\\), and \\(EB \\parallel CD\\), prove that \\(ABCDE\\) is a regular pentagon.

Please reason step by step and use the python tool to solve the math problem.
Finally, Return only the verified final answer in \\boxed{}. Never guess.",,geo_polygon,aimo3_tir
aimo3_tir_8cbc0456,"
Let $E$ be the intersection point of the lateral sides $AD$ and $BC$ of the trapezoid $ABCD$. Define $B_{n+1}$ as the intersection point of the lines $A_{n}C$ and $BD$ (where $A_{0}=A$), and let $A_{n+1}$ be the intersection point of the lines $EB_{n+1}$ and $AB$. Prove that $A_{n}B = \\frac{AB}{n+1}$.

Please reason step by step and use the python tool to solve the math problem.
Finally, Return only the verified final answer in \\boxed{}. Never guess.",,geo_polygon,aimo3_tir
aimo3_tir_6592dd85,"Let $ABCDEF$ be a circumscribed hexagon. Prove that its diagonals $AD$, $BE$, and $CF$ intersect at a single point (Brianchon's theorem).

Please reason step by step and use the python tool to solve the math problem.
Finally, Return only the verified final answer in \\boxed{}. Never guess.",,geo_polygon,aimo3_tir
aimo3_tir_b4971e8c,"In a trapezoid with bases 3 and 4, a diagonal is equal to 6 and is the bisector of one of the angles. Can this trapezoid be isosceles?

Please reason step by step and use the python tool to solve the math problem.
Finally, Return only the verified final answer in \\boxed{}. Never guess.",,geo_polygon,aimo3_tir
aimo3_tir_3520b758,"Construct a triangle given its perimeter, angle $\\alpha$, and the altitude $m_{a}$ from vertex $A$.

Please reason step by step and use the python tool to solve the math problem.
Finally, Return only the verified final answer in \\boxed{}. Never guess.",,geo_triangle,aimo3_tir
aimo3_tir_f188307e,"In isosceles triangles \\(ABC \\quad (AB=BC)\\) and \\(A_{1}B_{1}C_{1} \\quad (A_{1}B_{1}=B_{1}C_{1})\\), the triangles are similar and \\(BC : B_{1}C_{1} = 4 : 3\\).

Vertex \\(B_{1}\\) is located on side \\(AC\\), vertices \\(A_{1}\\) and \\(C_{1}\\) are respectively on the extensions of side \\(BA\\) beyond point \\(A\\) and side \\(CB\\) beyond point \\(B\\), and \\(A_{1}C_{1} \\perp BC\\). Find angle \\(B\\).

Please reason step by step and use the python tool to solve the math problem.
Finally, Return only the verified final answer in \\boxed{}. Never guess.",,geo_triangle,aimo3_tir
aimo3_tir_d3d4baa5,"Given a segment \\(AB\\) and a line \\(MN\\) that intersects it, construct a triangle \\(ABC\\) such that the line \\(MN\\) bisects its angle.

Please reason step by step and use the python tool to solve the math problem.
Finally, Return only the verified final answer in \\boxed{}. Never guess.",,geo_triangle,aimo3_tir
aimo3_tir_9670ff73,"In the triangle \\(ABC\\) with the usual notations, the sides are \\(a, b, c\\) and the medians are \\(s_a, s_b, s_c\\). Prove that if \\(a < \\frac{b+c}{2}\\), then \\(s_a > \\frac{s_b + s_c}{2}\\). Is the converse of this statement true?

Please reason step by step and use the python tool to solve the math problem.
Finally, Return only the verified final answer in \\boxed{}. Never guess.",,geo_triangle,aimo3_tir
aimo3_tir_4607911b,"Given any triangle ABC, construct external triangles ABR, BCP, CAQ on the sides such that ∠PBC = 45°, ∠PCB = 30°, ∠QAC = 45°, ∠QCA = 30°, ∠RAB = 15°, and ∠RBA = 15°. Prove that ∠QRP = 90° and QR = RP.

Please reason step by step and use the python tool to solve the math problem.
Finally, Return only the verified final answer in \\boxed{}. Never guess.",,geo_triangle,aimo3_tir
aimo3_tir_0ed02cee,"In $\\triangle ABC$, $\\angle A = 90^\\circ$. Point $D$ is on $AC$, point $E$ is on $BD$, and the extension of $AE$ intersects $BC$ at $F$. If the ratio $BE:ED = 2AC:DC$, then $\\angle ADB = \\angle FDC$.

Please reason step by step and use the python tool to solve the math problem.
Finally, Return only the verified final answer in \\boxed{}. Never guess.",,geo_triangle,aimo3_tir
aimo3_tir_4dee4650,"The feet of the altitudes of triangle $ABC$ are $A_{1}, B_{1}, C_{1}$ respectively. Given (with respect to position) the orthocenters of triangles $AB_{1}C_{1}$, $BC_{1}A_{1}$, and $CA_{1}B_{1}$. Construct the triangle $ABC$.

Please reason step by step and use the python tool to solve the math problem.
Finally, Return only the verified final answer in \\boxed{}. Never guess.",,geo_triangle,aimo3_tir
aimo3_tir_047ef8bc,"Find the geometric mean in a right triangle.

Please reason step by step and use the python tool to solve the math problem.
Finally, Return only the verified final answer in \\boxed{}. Never guess.",,geo_triangle,aimo3_tir
aimo3_tir_71bb82de,"Prove that any triangle can be divided into three trapezoids.

Please reason step by step and use the python tool to solve the math problem.
Finally, Return only the verified final answer in \\boxed{}. Never guess.",,geo_triangle,aimo3_tir
aimo3_tir_26aaecba,"If \\( N \\) is the product of \\( n \\) distinct primes, each greater than 3, show that \\( 2N + 1 \\) has at least \\( 4n \\) divisors.

Please reason step by step and use the python tool to solve the math problem.
Finally, Return only the verified final answer in \\boxed{}. Never guess.",,nt_primes,aimo3_tir
aimo3_tir_4a7524cc,"Prove that if $p$ is a prime number, then $C_{np}^{n} \\equiv n \\pmod{p^2}$.

Please reason step by step and use the python tool to solve the math problem.
Finally, Return only the verified final answer in \\boxed{}. Never guess.",,nt_primes,aimo3_tir
aimo3_tir_fc4d1433,"In the circuit diagram shown in the image, the electromotive force (EMF) of the source is \\(\\varepsilon = 69 \\text{ V}\\), \\(R_{1} = R = 10 \\text{ Ω}\\), \\(R_{2} = 3R\\), \\(R_{3} = 3R\\), and \\(R_{4} = 4R\\). The internal resistance of the source and the resistance of the ammeter can be neglected.
1) Find the current through the resistor \\(R_{1}\\).
2) Find the current through the ammeter.

Please reason step by step and use the python tool to solve the math problem.
Finally, Return only the verified final answer in \\boxed{}. Never guess.",,other,aimo3_tir
aimo3_tir_492ccbb0,"Prove that $\\angle CNE = \\angle CKE = 90^{\\circ}$.

Please reason step by step and use the python tool to solve the math problem.
Finally, Return only the verified final answer in \\boxed{}. Never guess.",,other,aimo3_tir
aimo3_tir_641913b0,"Prove that the points \\( K \\) and \\( L \\) are equidistant from the line \\( AT \\).

Please reason step by step and use the python tool to solve the math problem.
Finally, Return only the verified final answer in \\boxed{}. Never guess.",,other,aimo3_tir
aimo3_tir_0f3c9317,"In Class 5A, a survey was conducted to find out which fruits the students like. It turned out that:

- 13 students like apples,
- 11 students like plums,
- 15 students like peaches, and
- 6 students like melons.

A student can like more than one fruit. Each student who likes plums also likes either apples or peaches (but not both). Each student who likes peaches also likes either plums or melons (but not both).

What is the minimum number of students that can be in Class 5A?

Please reason step by step and use the python tool to solve the math problem.
Finally, Return only the verified final answer in \\boxed{}. Never guess.",,other,aimo3_tir
aimo3_tir_2e7f67d9,"Real numbers \\(a_1, a_2, \\cdots, a_n\\) all belong to the interval \\([-1,1]\\). Prove that:
\\[
\\sum_{i=1}^{n} \\frac{1}{1 + a_i a_{i+1}} \\geq \\sum_{i=1}^{n} \\frac{1}{1 + a_i^2},
\\]
where \\(a_{n+1} = a_1\\).

Please reason step by step and use the python tool to solve the math problem.
Finally, Return only the verified final answer in \\boxed{}. Never guess.",,other,aimo3_tir
aimo3_tir_8a89e68d,"Let \\(0 < a \\leq b \\leq c \\leq d\\). Show that \\(a^{b} b^{c} c^{d} d^{a} \\geq b^{a} c^{b} d^{c} a^{d}\\).

Please reason step by step and use the python tool to solve the math problem.
Finally, Return only the verified final answer in \\boxed{}. Never guess.",,other,aimo3_tir
aimo3_tir_12e1fe3a,"Prove the correctness of the solution to Problem 1261 as published on pages 193-194 of ""Lapok"". Can the statement of Problem 1399 be used in this proof?

Please reason step by step and use the python tool to solve the math problem.
Finally, Return only the verified final answer in \\boxed{}. Never guess.",,other,aimo3_tir
aimo3_tir_48a93cf9,"Find the functions from $\\mathbb{R}$ to $\\mathbb{R}$ that satisfy:

$$
f(x+y) + f(x)f(y) = f(xy) + 2xy + 1
$$

Please reason step by step and use the python tool to solve the math problem.
Finally, Return only the verified final answer in \\boxed{}. Never guess.",,other,aimo3_tir
aimo3_tir_b9144f72,"With the same amount of monoatomic ideal gas, two cyclic processes $1-2-3-1$ and $1-3-4-1$ are performed. Find the ratio of their efficiencies.

Please reason step by step and use the python tool to solve the math problem.
Finally, Return only the verified final answer in \\boxed{}. Never guess.",,other,aimo3_tir
aimo3_tir_aa96d041,"In town A, there are \\( n \\) girls and \\( n \\) boys, and each girl knows each boy. In town B, there are \\( n \\) girls \\( g_{1}, g_{2}, \\ldots, g_{n} \\) and \\( 2n-1 \\) boys \\( b_{1}, b_{2}, \\ldots, b_{2n-1} \\). The girl \\( g_{i}, i=1,2, \\ldots, n \\), knows the boys \\( b_{1}, b_{2}, \\ldots, b_{2i-1} \\), and no others. For all \\( r=1,2, \\ldots, n \\), denote by \\( A(r), B(r) \\) the number of different ways in which \\( r \\) girls from town A, respectively town B, can dance with \\( r \\) boys from their own town, forming \\( r \\) pairs, each girl with a boy she knows. Prove that \\( A(r)=B(r) \\) for each \\( r=1,2, \\ldots, n \\).

Please reason step by step and use the python tool to solve the math problem.
Finally, Return only the verified final answer in \\boxed{}. Never guess.",,other,aimo3_tir
aimo3_tir_66063e5d,"Given \\(\\alpha, \\beta \\in \\mathbf{R}\\), the intersection point of the lines \\(\\frac{x}{\\sin \\alpha+\\sin \\beta} + \\frac{y}{\\sin \\alpha+\\cos \\beta} = 1\\) and \\(\\frac{x}{\\cos \\alpha+\\sin \\beta} + \\frac{y}{\\cos \\alpha+\\cos \\beta} = 1\\) lies on the line \\(y = -x\\). Calculate \\(\\sin \\alpha + \\cos \\alpha + \\sin \\beta + \\cos \\beta\\).

Please reason step by step and use the python tool to solve the math problem.
Finally, Return only the verified final answer in \\boxed{}. Never guess.",,other,aimo3_tir
aimo3_tir_fd4a587e,"Given \\( n \\geq 3 \\) (\\(n \\in \\mathbf{N}^{*}\\)), and \\( x, y, z > 0 \\) with \\( x + y + z = 1 \\), prove that 
\\[
\\left(\\frac{1}{x^{n-1}}-x\\right)\\left(\\frac{1}{y^{n-1}}-y\\right)\\left(\\frac{1}{z^{n-1}}-z\\right) \\geq \\left(\\frac{3^{n}-1}{3}\\right)^{3}.
\\]

Please reason step by step and use the python tool to solve the math problem.
Finally, Return only the verified final answer in \\boxed{}. Never guess.",,other,aimo3_tir
aimo3_tir_e4888bf9,"Find all real solutions to 

\\[ x^2 y^2 + x^2 z^2 = axyz, \\]
\\[ y^2 z^2 + y^2 x^2 = bxyz, \\]
\\[ z^2 x^2 + z^2 y^2 = cxyz, \\]

where \\( a \\), \\( b \\), and \\( c \\) are fixed real numbers.

Please reason step by step and use the python tool to solve the math problem.
Finally, Return only the verified final answer in \\boxed{}. Never guess.",,other,aimo3_tir
aimo3_tir_d4e7a0f2,"Consider a mapping \\( f \\) from an \\( n \\)-element set \\( X \\) to itself, where \\( n \\geq 2 \\). If \\( a \\) is a fixed element in \\( X \\) and for every \\( x \\in X \\), it holds that \\( f(f(x)) = a \\). Find the number of such mappings \\( f \\).

Please reason step by step and use the python tool to solve the math problem.
Finally, Return only the verified final answer in \\boxed{}. Never guess.",,other,aimo3_tir
aimo3_tir_c6371336,"Two circles \\( S_{1} \\) and \\( S_{2} \\) with centers \\( O_{1} \\) and \\( O_{2} \\) intersect at point \\( A \\). The line \\( O_{1} A \\) intersects circle \\( S_{2} \\) at point \\( K_{2} \\), and the line \\( O_{2} A \\) intersects circle \\( S_{1} \\) at point \\( K_{1} \\). Prove that \\( \\angle O_{1} O_{2} A = \\angle K_{1} K_{2} A \\).

Please reason step by step and use the python tool to solve the math problem.
Finally, Return only the verified final answer in \\boxed{}. Never guess.",,geo_circle,aimo3_tir
aimo3_tir_a42c86b8,"The opposite angles of a quadrilateral are equal. Prove that its opposite sides are also equal.

Please reason step by step and use the python tool to solve the math problem.
Finally, Return only the verified final answer in \\boxed{}. Never guess.",,geo_polygon,aimo3_tir
aimo3_tir_9084153c,"Find all real numbers \\( p \\) such that the cubic equation \\( 5x^3 - 5(p+1)x^2 + (71p-1)x + 1 = 66p \\) has two roots that are natural numbers.

Please reason step by step and use the python tool to solve the math problem.
Finally, Return only the verified final answer in \\boxed{}. Never guess.",,alg_polynomial,aimo3_tir
genselect_46d03204,"You will be given a challenging math problem followed by 2 solutions. Your task is to systematically analyze these solutions to identify the most mathematically sound approach.

Input Format:
Problem: A complex mathematical word problem at advanced high school or college level
Solutions: Detailed solutions indexed 0-1, each concluding with an answer in \boxed{} notation

YOUR TASK

Problem: There are three integers \(0 < x < y < z < 16\) such that their sum is given to mathematician \(A\) and their product is given to mathematician \(B\). Based on the following conversation, determine the values of \(x, y, z\):

- \(A\): ""I can't find the numbers, and I can see that you can't find them either.""
- \(B\): ""This is helpful information, but still I can't find the numbers.""
- \(A\): ""Now I can find the numbers.""

Enter the values of \(x, y, z\) separated by commas.

Solutions:
Solution 0:
To solve the problem, we need to determine the integers \(x, y, z\) such that \(0 < x < y < z < 16\), their sum \(S = x + y + z\) is given to mathematician \(A\), and their product \(P = xyz\) is given to mathematician \(B\). The conversation between \(A\) and \(B\) provides crucial information to deduce the values of \(x, y, z\).

1. **Understanding the Statements:**
   - **A's First Statement:** ""I can't find the numbers, and I can see that you can't find them either.""
     - This implies that for the sum \(S\), there are multiple possible triples \((x, y, z)\) such that each product \(P\) is not unique (i.e., there are other triples with the same product \(P\) but different sums).
   - **B's Statement:** ""This is helpful information, but still I can't find the numbers.""
     - This means that even after knowing that \(A\) can't determine the numbers, \(B\) still can't determine the numbers based on their product \(P\). Therefore, the product \(P\) must correspond to multiple triples with sums that are candidates for \(A\)'s first statement.
   - **A's Second Statement:** ""Now I can find the numbers.""
     - This implies that after hearing \(B\)'s statement, \(A\) can now uniquely determine the numbers. This means that among the possible triples for the sum \(S\), only one triple has a product \(P\) that would leave \(B\) still uncertain.

2. **Identifying the Correct Sum and Product:**
   - We need to find a sum \(S\) such that all possible triples \((x, y, z)\) with that sum have products that are non-unique.
   - Then, we need to find a product \(P\) that corresponds to multiple triples with sums that are candidates, but after \(B\)'s statement, \(A\) can uniquely determine the numbers.

3. **Checking Possible Sums:**
   - Consider the sum \(S = 11\). The possible triples are:
     \[
     (1, 2, 8), (1, 3, 7), (1, 4, 6), (2, 3, 6), (2, 4, 5)
     \]
     - The products are:
       \[
       1 \times 2 \times 8 = 16, \quad 1 \times 3 \times 7 = 21, \quad 1 \times 4 \times 6 = 24, \quad 2 \times 3 \times 6 = 36, \quad 2 \times 4 \times 5 = 40
       \]
     - Check if these products are non-unique:
       - \(16\) can be from \((1, 2, 8)\) and \((2, 2, 4)\) (invalid).
       - \(21\) can be from \((1, 3, 7)\).
       - \(24\) can be from \((1, 4, 6)\) and \((2, 3, 4)\).
       - \(36\) can be from \((2, 3, 6)\) and \((3, 3, 4)\) (invalid).
       - \(40\) can be from \((2, 4, 5)\) and \((1, 5, 8)\).

4. **Conclusion:**
   - The product \(36\) is non-unique, and the only triple with sum \(11\) and product \(36\) is \((2, 3, 6)\).
   - After \(B\) says they still can't determine the numbers, \(A\) can deduce that the numbers are \((2, 3, 6)\) because it is the only triple with sum \(11\) and product \(36\) that fits all conditions.

Therefore, the values of \(x, y, z\) are \(\boxed{2, 3, 6}\).

Solution 1:
To solve the problem, we need to determine the values of \(x, y, z\) based on the given conversation between mathematicians \(A\) and \(B\). The key steps are as follows:

1. **A's First Statement**: \(A\) knows the sum \(S = x + y + z\) but can't determine the numbers, implying \(S\) can be achieved by multiple triplets with non-unique products. This means all products of triplets summing to \(S\) must be non-unique.

2. **B's Statement**: \(B\) knows the product \(P = xyz\) but still can't determine the numbers even after knowing that all products for \(S\) are non-unique. This means \(P\) must correspond to multiple triplets with sums that meet the first condition.

3. **A's Second Statement**: \(A\) can now determine the numbers, implying that after considering \(B\)'s information, only one triplet with sum \(S\) remains valid.

### Key Analysis:

#### Step 1: Identify Valid Sums
We need to find sums \(S\) such that all possible triplets \((x, y, z)\) with \(x + y + z = S\) have non-unique products. Let's consider \(S = 12\):

- Possible triplets: \((1, 2, 9)\), \((1, 3, 8)\), \((1, 4, 7)\), \((1, 5, 6)\), \((2, 3, 7)\), \((2, 4, 6)\), \((3, 4, 5)\)
- Products: \(18\), \(24\), \(28\), \(30\), \(42\), \(48\), \(60\)

All these products are non-unique:
- \(18 = 1 \times 3 \times 6\) (sum = 10)
- \(24 = 1 \times 3 \times 8\) (sum = 12), \(2 \times 3 \times 4\) (sum = 9)
- \(28 = 1 \times 4 \times 7\) (sum = 12), \(2 \times 2 \times 7\) (invalid)
- \(30 = 1 \times 5 \times 6\) (sum = 12), \(2 \times 3 \times 5\) (sum = 10)
- \(42 = 1 \times 6 \times 7\) (sum = 14), \(2 \times 3 \times 7\) (sum = 12)
- \(48 = 1 \times 4 \times 12\) (sum = 17), \(2 \times 4 \times 6\) (sum = 12), \(3 \times 4 \times 4\) (invalid)
- \(60 = 1 \times 5 \times 12\) (sum = 18), \(2 \times 5 \times 6\) (sum = 13), \(3 \times 4 \times 5\) (sum = 12)

Thus, \(S = 12\) is a valid sum.

#### Step 2: Identify Valid Products
We need to find a product \(P\) that corresponds to multiple triplets with sums that are valid (all products non-unique). Consider \(P = 60\):

- Possible triplets: \((3, 4, 5)\) (sum = 12), \((2, 5, 6)\) (sum = 13), \((1, 5, 12)\) (sum = 18), \((1, 6, 10)\) (sum = 17), \((2, 3, 10)\) (sum = 15)

Among these, only \((3, 4, 5)\) has a valid sum \(S = 12\).

#### Step 3: Determine the Triplet
After \(B\) hears that \(S\) is such that all products are non-unique, \(B\) still can't determine the numbers. This means \(B\) has multiple triplets with valid sums. However, after \(A\) hears that \(B\) can't determine, \(A\) can eliminate all but one triplet with sum \(S = 12\).

Thus, the only valid triplet is \((3, 4, 5)\).

### Final Answer
\(\boxed{3, 4, 5}\)

Evaluation Process:

1. Initial Screening
  - Group solutions by their final answers
  - Identify and explain mathematical contradictions between different answers
  - Eliminate solutions with clear mathematical errors

2. Detailed Analysis
  For remaining solutions, evaluate:
  - Mathematical precision and accuracy
  - Logical progression of steps
  - Completeness of mathematical reasoning
  - Proper use of mathematical notation, including \boxed{}
  - Handling of edge cases or special conditions
  - For solutions containing and addressing errors, evaluate the error identification and correction methodology.

3. Solution Comparison
  Compare viable solutions based on:
  - Efficiency of approach
  - Clarity of mathematical reasoning
  - Sophistication of method
  - Robustness of solution (works for all cases)

Your response should include:
1. Brief analysis of conflicting answers
2. Detailed evaluation of mathematically sound solutions
3. Justification for eliminating incorrect solutions
4. Clear explanation for selecting the best approach

End your evaluation with exactly:
Judgment: [IDX]
where IDX is the index 0-1 of the best solution.",,comb_graph,genselect
aimo3_tir_3fdabdbb,"In triangle \\( \\triangle ABC \\), prove that \\(\\frac{\\sin A + \\sin B + \\sin C}{\\cos A + \\cos B + \\cos C} < 2\\).

Please reason step by step and use the python tool to solve the math problem.
Finally, Return only the verified final answer in \\boxed{}. Never guess.",,geo_triangle,aimo3_tir
aimo3_tir_14c8e405,"Let \\( a, b, c > 0 \\), and \\( a b c = 1 \\). Prove that:
$$
\\frac{1}{1+2a}+\\frac{1}{1+2b}+\\frac{1}{1+2c} \\geq 1.
$$

Please reason step by step and use the python tool to solve the math problem.
Finally, Return only the verified final answer in \\boxed{}. Never guess.",,other,aimo3_tir
aimo3_tir_624bd398,"Let \\( A B C D E \\) be a pentagon. Suppose that \\( \\widehat{A B C} = \\widehat{A D E} \\) and \\( \\widehat{C E A} = \\widehat{B D A} \\).

Show that \\( \\widehat{C A B} = \\widehat{E A D} \\).

Please reason step by step and use the python tool to solve the math problem.
Finally, Return only the verified final answer in \\boxed{}. Never guess.",,other,aimo3_tir
aimo3_tir_452ed1ba,"One diagonal of a trapezoid has fixed endpoints $A$ and $C$, vertex $B$ moves along a straight line, and $D$ moves such that $D C \\| A B$ and the ratio $C D : A B$ is constant. What path does $D$ trace?

Construct the right-angle trapezoids among these trapezoids.

Please reason step by step and use the python tool to solve the math problem.
Finally, Return only the verified final answer in \\boxed{}. Never guess.",,geo_polygon,aimo3_tir
genselect_94dbeade,"You will be given a challenging math problem followed by 6 solutions. Your task is to systematically analyze these solutions to identify the most mathematically sound approach.

Input Format:
Problem: A complex mathematical word problem at advanced high school or college level
Solutions: Detailed solutions indexed 0-5, each concluding with an answer in \boxed{} notation

YOUR TASK

Problem: Solve the equation for \( x, y \in \mathbb{R} \):
\[ y + 5\sqrt{2x + 2} = 49 + y^2 - 3\sqrt{193 - 32x} \]

Solutions:
Solution 0:
To solve the equation for \( x, y \in \mathbb{R} \):
\[ y + 5\sqrt{2x + 2} = 49 + y^2 - 3\sqrt{193 - 32x} \]

1. **Rearrange the equation:**
   \[
   5\sqrt{2x + 2} + 3\sqrt{193 - 32x} = 49 + y^2 - y
   \]

2. **Introduce substitutions:**
   Let \( A = \sqrt{2x + 2} \) and \( B = \sqrt{193 - 32x} \). Then:
   \[
   A^2 = 2x + 2 \quad \text{and} \quad B^2 = 193 - 32x
   \]

3. **Relate \( A \) and \( B \):**
   Equate the expressions for \( x \):
   \[
   x = \frac{A^2 - 2}{2} \quad \text{and} \quad x = \frac{193 - B^2}{32}
   \]
   Equate these two expressions:
   \[
   \frac{A^2 - 2}{2} = \frac{193 - B^2}{32}
   \]
   Simplify:
   \[
   16(A^2 - 2) = 193 - B^2 \implies 16A^2 + B^2 = 225
   \]

4. **Formulate the quadratic in \( y \):**
   Rearrange the original equation:
   \[
   y^2 - y + 3B - 5A - 49 = 0
   \]

5. **Check for possible integer solutions:**
   Analyze integer values for \( A \) and \( B \) that satisfy \( 16A^2 + B^2 = 225 \):
   - Possible values: \( (A, B) = (0, 15) \) and \( (3, 9) \).

   **Case 1: \( A = 0, B = 15 \)**
   \[
   x = \frac{0^2 - 2}{2} = -1
   \]
   Substitute into the quadratic equation:
   \[
   y^2 - y + 3(15) - 5(0) - 49 = 0 \implies y^2 - y - 4 = 0
   \]
   Solve for \( y \):
   \[
   y = \frac{1 \pm \sqrt{1 + 16}}{2} = \frac{1 \pm \sqrt{17}}{2}
   \]
   Check in the original equation:
   \[
   y + 5\sqrt{0} = 49 + y^2 - 3\sqrt{225} \implies y = y^2 + 4 \implies y^2 - y + 4 = 0
   \]
   This has no real solutions.

   **Case 2: \( A = 3, B = 9 \)**
   \[
   x = \frac{3^2 - 2}{2} = \frac{7}{2} = 3.5
   \]
   Substitute into the quadratic equation:
   \[
   y^2 - y + 3(9) - 5(3) - 49 = 0 \implies y^2 - y - 37 = 0
   \]
   Solve for \( y \):
   \[
   y = \frac{1 \pm \sqrt{1 + 148}}{2} = \frac{1 \pm \sqrt{149}}{2}
   \]
   Check in the original equation:
   \[
   y + 5(3) = 49 + y^2 - 3(9) \implies y + 15 = y^2 + 22 \implies y^2 - y + 7 = 0
   \]
   This has no real solutions.

6. **Analyze the quadratic equation:**
   For real solutions, the discriminant of the quadratic in \( y \) must be non-negative:
   \[
   1 + 20A + 12B - 196 \geq 0 \implies 20A + 12B \geq 195
   \]

7. **Maximize the expression:**
   The maximum value of \( 5\sqrt{2x + 2} + 3\sqrt{193 - 32x} \) is less than 48.75, which is required for real solutions in \( y \).

8. **Conclusion:**
   After extensive analysis, it was determined that no real solutions exist for the given equation.

\[
\boxed{\text{No real solution}}
\]

Solution 1:
To solve the equation for \( x, y \in \mathbb{R} \):

\[
y + 5\sqrt{2x + 2} = 49 + y^2 - 3\sqrt{193 - 32x}
\]

we start by analyzing the domains of the square roots. The expressions inside the square roots must be non-negative:

\[
2x + 2 \geq 0 \implies x \geq -1
\]

\[
193 - 32x \geq 0 \implies x \leq \frac{193}{32} \approx 6.03125
\]

Thus, \( x \) must lie in the interval \([-1, 6.03125]\).

Next, we consider the possibility that the expressions under the square roots are perfect squares. Let:

\[
2x + 2 = a^2 \quad \text{and} \quad 193 - 32x = b^2
\]

Solving for \( x \) in both equations, we get:

\[
x = \frac{a^2 - 2}{2}
\]

\[
x = \frac{193 - b^2}{32}
\]

Equating the two expressions for \( x \):

\[
\frac{a^2 - 2}{2} = \frac{193 - b^2}{32}
\]

Multiplying both sides by 32:

\[
16(a^2 - 2) = 193 - b^2
\]

Simplifying:

\[
16a^2 - 32 = 193 - b^2
\]

\[
16a^2 + b^2 = 225
\]

This is a Diophantine equation. We look for integer solutions \((a, b)\) such that:

\[
16a^2 + b^2 = 225
\]

Checking possible values for \( a \):

- For \( a = 0 \):

\[
b^2 = 225 \implies b = 15
\]

- For \( a = 3 \):

\[
16 \cdot 9 + b^2 = 225 \implies b^2 = 81 \implies b = 9
\]

Thus, the possible pairs \((a, b)\) are \((0, 15)\) and \((3, 9)\).

1. **Case 1: \( a = 0 \), \( b = 15 \)**

\[
x = \frac{0^2 - 2}{2} = -1
\]

Substituting \( x = -1 \) into the original equation:

\[
y + 5\sqrt{2(-1) + 2} = 49 + y^2 - 3\sqrt{193 - 32(-1)}
\]

\[
y + 5\sqrt{0} = 49 + y^2 - 3\sqrt{225}
\]

\[
y = 49 + y^2 - 45
\]

\[
y = y^2 + 4
\]

\[
y^2 - y + 4 = 0
\]

The discriminant of this quadratic equation is:

\[
\Delta = (-1)^2 - 4 \cdot 1 \cdot 4 = 1 - 16 = -15
\]

Since the discriminant is negative, there are no real solutions for \( y \).

2. **Case 2: \( a = 3 \), \( b = 9 \)**

\[
x = \frac{3^2 - 2}{2} = \frac{9 - 2}{2} = 3.5
\]

Substituting \( x = 3.5 \) into the original equation:

\[
y + 5\sqrt{2(3.5) + 2} = 49 + y^2 - 3\sqrt{193 - 32(3.5)}
\]

\[
y + 5\sqrt{7 + 2} = 49 + y^2 - 3\sqrt{193 - 112}
\]

\[
y + 5\sqrt{9} = 49 + y^2 - 3\sqrt{81}
\]

\[
y + 15 = 49 + y^2 - 27
\]

\[
y + 15 = y^2 + 22
\]

\[
y^2 - y + 7 = 0
\]

The discriminant of this quadratic equation is:

\[
\Delta = (-1)^2 - 4 \cdot 1 \cdot 7 = 1 - 28 = -27
\]

Since the discriminant is negative, there are no real solutions for \( y \).

Since both cases lead to quadratic equations with negative discriminants, there are no real solutions for \( y \). Therefore, the equation has no real solutions.

\[
\boxed{\text{No solution}}
\]

Solution 2:
To solve the equation for \( x, y \in \mathbb{R} \):

\[ y + 5\sqrt{2x + 2} = 49 + y^2 - 3\sqrt{193 - 32x}, \]

we start by defining new variables to simplify the equation. Let:

\[ a = \sqrt{2x + 2} \quad \text{and} \quad b = \sqrt{193 - 32x}. \]

From these definitions, we can express \( x \) in terms of \( a \) and \( b \):

\[ a^2 = 2x + 2 \implies x = \frac{a^2 - 2}{2}, \]
\[ b^2 = 193 - 32x \implies x = \frac{193 - b^2}{32}. \]

Equating the two expressions for \( x \):

\[ \frac{a^2 - 2}{2} = \frac{193 - b^2}{32}. \]

Multiplying both sides by 32 to clear the denominators:

\[ 16(a^2 - 2) = 193 - b^2. \]

Simplifying, we get:

\[ 16a^2 - 32 = 193 - b^2 \implies b^2 = 225 - 16a^2. \]

Since \( b \) is a square root, \( b^2 \geq 0 \):

\[ 225 - 16a^2 \geq 0 \implies 16a^2 \leq 225 \implies a^2 \leq \frac{225}{16} \implies a \leq \frac{15}{4} = 3.75. \]

Thus, \( a \in [0, 3.75] \).

Next, substitute \( a \) and \( b \) back into the original equation:

\[ y + 5a = 49 + y^2 - 3b. \]

Rearranging terms, we get:

\[ y^2 - y - 5a - 3b + 49 = 0. \]

This is a quadratic equation in \( y \):

\[ y^2 - y + (49 - 5a - 3b) = 0. \]

For \( y \) to be real, the discriminant of this quadratic equation must be non-negative:

\[ \Delta = 1 - 4(49 - 5a - 3b) \geq 0. \]

Simplifying the discriminant condition:

\[ 1 - 196 + 20a + 12b \geq 0 \implies 20a + 12b \geq 195. \]

Since \( b^2 = 225 - 16a^2 \), we substitute \( b \):

\[ b = \sqrt{225 - 16a^2}. \]

Thus, the inequality becomes:

\[ 20a + 12\sqrt{225 - 16a^2} \geq 195. \]

We now need to check if there exists any \( a \in [0, 3.75] \) that satisfies this inequality. Let's consider the maximum value of \( 20a + 12\sqrt{225 - 16a^2} \).

The function \( f(a) = 20a + 12\sqrt{225 - 16a^2} \) is maximized when its derivative is zero. Calculate the derivative:

\[ f'(a) = 20 - \frac{12 \cdot 16a}{2\sqrt{225 - 16a^2}} = 20 - \frac{96a}{\sqrt{225 - 16a^2}}. \]

Setting \( f'(a) = 0 \):

\[ 20 = \frac{96a}{\sqrt{225 - 16a^2}} \implies 20\sqrt{225 - 16a^2} = 96a \implies 400(225 - 16a^2) = 9216a^2. \]

Simplifying:

\[ 90000 - 6400a^2 = 9216a^2 \implies 90000 = 15616a^2 \implies a^2 = \frac{90000}{15616} \approx 5.76 \implies a \approx 2.4. \]

Substituting \( a = 2.4 \):

\[ b = \sqrt{225 - 16(2.4)^2} = \sqrt{225 - 92.16} = \sqrt{132.84} \approx 11.52. \]

Thus, the maximum value of \( 20a + 12b \) is:

\[ 20(2.4) + 12(11.52) = 48 + 138.24 = 186.24. \]

Since \( 186.24 < 195 \), the inequality \( 20a + 12b \geq 195 \) is never satisfied for any \( a \in [0, 3.75] \).

Therefore, there are no real solutions for \( x \) and \( y \) that satisfy the given equation.

\[
\boxed{\text{No solution}}
\]

Solution 3:
To solve the equation for \( x, y \in \mathbb{R} \):
\[ y + 5\sqrt{2x + 2} = 49 + y^2 - 3\sqrt{193 - 32x} \]

1. **Rearrange the equation:**
   \[
   y + 5\sqrt{2x + 2} = 49 + y^2 - 3\sqrt{193 - 32x}
   \]
   Rearrange to isolate the square roots:
   \[
   5\sqrt{2x + 2} + 3\sqrt{193 - 32x} = 49 + y^2 - y
   \]

2. **Check the domains:**
   - For \( \sqrt{2x + 2} \) to be real, \( 2x + 2 \geq 0 \implies x \geq -1 \).
   - For \( \sqrt{193 - 32x} \) to be real, \( 193 - 32x \geq 0 \implies x \leq \frac{193}{32} \approx 6.03125 \).
   - Therefore, \( x \in [-1, 6.03125] \).

3. **Substitute and simplify:**
   - Let \( u = \sqrt{2x + 2} \) and \( v = \sqrt{193 - 32x} \).
   - Express \( x \) in terms of \( u \): \( x = \frac{u^2 - 2}{2} \).
   - Substitute \( x \) into \( v \): \( v = \sqrt{225 - 16u^2} \).

4. **Formulate the equation in terms of \( u \) and \( v \):**
   - The equation becomes \( y^2 - y - 5u - 49 + 3v = 0 \).
   - Substitute \( v = \sqrt{225 - 16u^2} \):
     \[
     y^2 - y - 5u - 49 + 3\sqrt{225 - 16u^2} = 0
     \]

5. **Check for possible solutions:**
   - Analyze the quadratic equation in \( y \):
     \[
     y^2 - y - 5u - 49 + 3\sqrt{225 - 16u^2} = 0
     \]
   - The discriminant \( D \) of this quadratic equation must be non-negative for real solutions:
     \[
     D = 1 + 4(5u + 49 - 3\sqrt{225 - 16u^2})
     \]
   - For \( D \geq 0 \):
     \[
     1 + 20u + 196 - 12\sqrt{225 - 16u^2} \geq 0
     \]
     Simplify:
     \[
     20u + 197 \geq 12\sqrt{225 - 16u^2}
     \]

6. **Maximize the function:**
   - Consider the function \( f(x) = 5\sqrt{2x + 2} + 3\sqrt{193 - 32x} \).
   - Find the maximum value of \( f(x) \) using calculus:
     \[
     f'(x) = \frac{5}{\sqrt{2x + 2}} - \frac{48}{\sqrt{193 - 32x}}
     \]
     Set \( f'(x) = 0 \):
     \[
     \frac{5}{\sqrt{2x + 2}} = \frac{48}{\sqrt{193 - 32x}}
     \]
     Square both sides:
     \[
     25(193 - 32x) = 2304(2x + 2)
     \]
     Solve for \( x \):
     \[
     4825 - 800x = 4608x + 4608
     \]
     \[
     -5408x = -217
     \]
     \[
     x = \frac{217}{5408} \approx 0.04014
     \]
   - Evaluate \( f(x) \) at \( x = 0.04014 \):
     \[
     f(0.04014) \approx 48.75
     \]
   - The maximum value of \( f(x) \) is approximately 48.75, which is less than 49.75 required for a valid solution.

7. **Conclusion:**
   - The discriminant of the quadratic equation in \( y \) is negative for all \( x \) in the valid domain, indicating no real solutions.

\[
\boxed{\text{No real solution}}
\]

Solution 4:
To solve the equation \( y + 5\sqrt{2x + 2} = 49 + y^2 - 3\sqrt{193 - 32x} \) for \( x, y \in \mathbb{R} \), we start by rearranging the equation:

\[
y + 5\sqrt{2x + 2} = 49 + y^2 - 3\sqrt{193 - 32x}
\]

Rearrange to group the square roots on one side:

\[
y^2 - y + 49 = 5\sqrt{2x + 2} + 3\sqrt{193 - 32x}
\]

Next, introduce substitutions to simplify the square roots:
\[
a = \sqrt{2x + 2} \quad \text{and} \quad b = \sqrt{193 - 32x}
\]

This gives:
\[
a^2 = 2x + 2 \quad \text{and} \quad b^2 = 193 - 32x
\]

Solve for \( x \) in terms of \( a \) and \( b \):
\[
x = \frac{a^2 - 2}{2} \quad \text{and} \quad x = \frac{193 - b^2}{32}
\]

Equate the two expressions for \( x \):
\[
\frac{a^2 - 2}{2} = \frac{193 - b^2}{32}
\]

Clear the denominators:
\[
16(a^2 - 2) = 193 - b^2
\]

Simplify:
\[
16a^2 - 32 = 193 - b^2
\]

Rearrange to form a standard ellipse equation:
\[
16a^2 + b^2 = 225
\]

Now, we need to maximize \( 5a + 3b \). Using the Cauchy-Schwarz inequality:
\[
(5a + 3b)^2 \leq (16a^2 + b^2) \left( \left(\frac{5}{4}\right)^2 + 3^2 \right)
\]

Substitute \( 16a^2 + b^2 = 225 \):
\[
(5a + 3b)^2 \leq 225 \left( \frac{25}{16} + 9 \right)
\]
\[
(5a + 3b)^2 \leq 225 \left( \frac{25 + 144}{16} \right)
\]
\[
(5a + 3b)^2 \leq 225 \cdot \frac{169}{16}
\]
\[
(5a + 3b)^2 \leq \frac{195^2}{4}
\]
\[
5a + 3b \leq \frac{195}{4} = 48.75
\]

The quadratic \( y^2 - y + 49 \) has a minimum value at \( y = \frac{1}{2} \):
\[
\left( \frac{1}{2} \right)^2 - \frac{1}{2} + 49 = 48.75
\]

For equality in Cauchy-Schwarz, we need:
\[
(4a, b) \propto \left( \frac{5}{4}, 3 \right)
\]

This implies:
\[
4a = \frac{5}{4}k \quad \text{and} \quad b = 3k
\]

Substitute into the ellipse equation:
\[
16 \left( \frac{5k}{16} \right)^2 + (3k)^2 = 225
\]
\[
\frac{25k^2}{16} + 9k^2 = 225
\]
\[
\frac{25k^2 + 144k^2}{16} = 225
\]
\[
169k^2 = 3600
\]
\[
k^2 = \frac{3600}{169}
\]
\[
k = \frac{60}{13}
\]

Thus:
\[
a = \frac{75}{52} \quad \text{and} \quad b = \frac{180}{13}
\]

Substitute \( a \) back to find \( x \):
\[
a^2 = \left( \frac{75}{52} \right)^2 = \frac{5625}{2704}
\]
\[
2x + 2 = \frac{5625}{2704}
\]
\[
2x = \frac{5625}{2704} - 2 = \frac{5625 - 5408}{2704} = \frac{217}{2704}
\]
\[
x = \frac{217}{5408}
\]

Thus, the solution is:
\[
\boxed{\left( \frac{217}{5408}, \frac{1}{2} \right)}
\]

Solution 5:
To solve the equation \( y + 5\sqrt{2x + 2} = 49 + y^2 - 3\sqrt{193 - 32x} \) for \( x, y \in \mathbb{R} \):

1. **Identify the constraints on \( x \)**:
   - The expressions under the square roots must be non-negative:
     \[
     2x + 2 \geq 0 \implies x \geq -1
     \]
     \[
     193 - 32x \geq 0 \implies x \leq \frac{193}{32} \approx 6.03125
     \]
   - Therefore, \( x \in [-1, \frac{193}{32}] \).

2. **Substitute \( u = \sqrt{2x + 2} \) and \( v = \sqrt{193 - 32x} \)**:
   - This leads to:
     \[
     u^2 = 2x + 2 \implies x = \frac{u^2 - 2}{2}
     \]
     \[
     v^2 = 193 - 32x \implies x = \frac{193 - v^2}{32}
     \]
   - Equate the two expressions for \( x \):
     \[
     \frac{u^2 - 2}{2} = \frac{193 - v^2}{32}
     \]
     \[
     16(u^2 - 2) = 193 - v^2 \implies 16u^2 + v^2 = 225
     \]
   - The equation \( 16u^2 + v^2 = 225 \) represents an ellipse.

3. **Express the original equation in terms of \( u \) and \( v \)**:
   - Substitute \( u \) and \( v \) into the original equation:
     \[
     y + 5u = 49 + y^2 - 3v \implies y^2 - y + 49 = 5u + 3v
     \]
   - To find the maximum value of \( 5u + 3v \) on the ellipse \( 16u^2 + v^2 = 225 \), use the Cauchy-Schwarz inequality:
     \[
     (5u + 3v)^2 \leq (5^2 + 3^2)(16u^2 + v^2) = 34 \cdot 225 = 7650
     \]
     \[
     5u + 3v \leq \sqrt{7650} = \frac{195}{4} = 48.75
     \]
   - The maximum value is achieved when:
     \[
     5u + 3v = \frac{195}{4}
     \]
   - Substitute this into the quadratic equation:
     \[
     y^2 - y + 49 = 48.75 \implies y^2 - y + 0.25 = 0 \implies (y - 0.5)^2 = 0 \implies y = 0.5
     \]

4. **Solve for \( x \)**:
   - Use the parametric form of the ellipse:
     \[
     u = \frac{15}{4} \cos \theta, \quad v = 15 \sin \theta
     \]
   - When \( 5u + 3v = \frac{195}{4} \):
     \[
     5 \left( \frac{15}{4} \cos \theta \right) + 3 (15 \sin \theta) = \frac{195}{4} \implies \frac{75}{4} \cos \theta + 45 \sin \theta = \frac{195}{4}
     \]
     \[
     75 \cos \theta + 180 \sin \theta = 195 \implies \cos \theta + 2.4 \sin \theta = 2.6
     \]
     - Solving this, we find:
       \[
       u = \frac{75}{52}, \quad v = \frac{180}{13}
       \]
     - Substitute back to find \( x \):
       \[
       u^2 = \left( \frac{75}{52} \right)^2 = \frac{5625}{2704}
       \]
       \[
       2x + 2 = \frac{5625}{2704} \implies 2x = \frac{5625}{2704} - 2 = \frac{217}{2704} \implies x = \frac{217}{5408}
       \]

5. **Verify the solution**:
   - Substitute \( x = \frac{217}{5408} \) and \( y = 0.5 \) back into the original equation to confirm it holds.

The solution to the equation is:
\[
\boxed{\left( \frac{217}{5408}, \frac{1}{2} \right)}
\]

Evaluation Process:

1. Initial Screening
  - Group solutions by their final answers
  - Identify and explain mathematical contradictions between different answers
  - Eliminate solutions with clear mathematical errors

2. Detailed Analysis
  For remaining solutions, evaluate:
  - Mathematical precision and accuracy
  - Logical progression of steps
  - Completeness of mathematical reasoning
  - Proper use of mathematical notation, including \boxed{}
  - Handling of edge cases or special conditions
  - For solutions containing and addressing errors, evaluate the error identification and correction methodology.

3. Solution Comparison
  Compare viable solutions based on:
  - Efficiency of approach
  - Clarity of mathematical reasoning
  - Sophistication of method
  - Robustness of solution (works for all cases)

Your response should include:
1. Brief analysis of conflicting answers
2. Detailed evaluation of mathematically sound solutions
3. Justification for eliminating incorrect solutions
4. Clear explanation for selecting the best approach

End your evaluation with exactly:
Judgment: [IDX]
where IDX is the index 0-5 of the best solution.",,alg_equations,genselect
aimo3_tir_e1a3d5d6,"Let \\( n \\geq 3 \\), \\( x_{1}, x_{2}, \\cdots, x_{n} \\in [-1, +\\infty) \\), and let \\( \\sum_{i=1}^{n} x_{i}^{5} = 0 \\). Prove that \\( \\sum_{i=1}^{n} x_{i} < \\frac{16n}{33} \\).

Please reason step by step and use the python tool to solve the math problem.
Finally, Return only the verified final answer in \\boxed{}. Never guess.",,other,aimo3_tir
aimo3_tir_842fe7a4,"Prove that the properties of a pentagon having equal angles and equal sides are independent.

Please reason step by step and use the python tool to solve the math problem.
Finally, Return only the verified final answer in \\boxed{}. Never guess.",,comb_probability,aimo3_tir
aimo3_tir_84fb7ec4,"Let $X$ be a non-degenerate non-negative random variable. Show that the equality

$$
\\mathrm{E} X^{a} \\mathrm{E} X^{b} = \\mathrm{E} X^{c} \\mathrm{E} X^{d},
$$

where $a+b=c+d$ and $a, b, c, d \\in \\mathbb{R}$, can only hold if the sets $\\{a, b\\}$ and $\\{c, d\\}$ are identical. (It is assumed that the expected values under consideration exist.)

Please reason step by step and use the python tool to solve the math problem.
Finally, Return only the verified final answer in \\boxed{}. Never guess.",,comb_probability,aimo3_tir
aimo3_tir_a15a10d1,"Given that for any $n \\in \\mathbb{N}$, $a_{n} > 0$ and $\\sum_{i=0}^{n} a_{i}^{3} = \\left( \\sum_{i=1}^{n} a_{i} \\right)^{3}$, prove that $a_{n} = n$.

Please reason step by step and use the python tool to solve the math problem.
Finally, Return only the verified final answer in \\boxed{}. Never guess.",,other,aimo3_tir
genselect_27fb72a8,"You will be given a challenging math problem followed by 7 solutions. Your task is to systematically analyze these solutions to identify the most mathematically sound approach.

Input Format:
Problem: A complex mathematical word problem at advanced high school or college level
Solutions: Detailed solutions indexed 0-6, each concluding with an answer in \boxed{} notation

YOUR TASK

Problem: Juan writes the list of pairs $(n, 3^n)$ for $n=1, 2, 3, \ldots$ and underlines the pairs where $n$ and $3^n$ have the same units digit. What is the $2013^{\text{th}}$ underlined pair?

Solutions:
Solution 0:
To solve the problem of finding the 2013th underlined pair \((n, 3^n)\) where the units digit of \(n\) matches the units digit of \(3^n\), we need to follow these steps:

1. **Determine the units digit cycle of \(3^n\):**
   The units digits of \(3^n\) repeat every 4 numbers: \(3, 9, 7, 1\). Thus, the units digit of \(3^n\) depends on \(n \mod 4\):
   - If \(n \equiv 1 \mod 4\), then \(3^n \equiv 3 \mod 10\)
   - If \(n \equiv 2 \mod 4\), then \(3^n \equiv 9 \mod 10\)
   - If \(n \equiv 3 \mod 4\), then \(3^n \equiv 7 \mod 10\)
   - If \(n \equiv 0 \mod 4\), then \(3^n \equiv 1 \mod 10\)

2. **Set up the congruences for matching units digits:**
   We need \(n \equiv 3^n \mod 10\). This leads to solving the following systems of congruences:
   - \(n \equiv 1 \mod 4\) and \(n \equiv 3 \mod 10\)
   - \(n \equiv 3 \mod 4\) and \(n \equiv 7 \mod 10\)

3. **Solve the congruences:**
   - For \(n \equiv 1 \mod 4\) and \(n \equiv 3 \mod 10\):
     \[
     n = 10k + 3 \quad \text{and} \quad 10k + 3 \equiv 1 \mod 4 \implies 10k \equiv -2 \mod 4 \implies 2k \equiv 2 \mod 4 \implies k \equiv 1 \mod 2
     \]
     Thus, \(k = 2m + 1\) and \(n = 10(2m + 1) + 3 = 20m + 13\). So, \(n \equiv 13 \mod 20\).

   - For \(n \equiv 3 \mod 4\) and \(n \equiv 7 \mod 10\):
     \[
     n = 10k + 7 \quad \text{and} \quad 10k + 7 \equiv 3 \mod 4 \implies 10k \equiv -4 \mod 4 \implies 10k \equiv 0 \mod 4 \implies 2k \equiv 0 \mod 4 \implies k \equiv 0 \mod 2
     \]
     Thus, \(k = 2m\) and \(n = 10(2m) + 7 = 20m + 7\). So, \(n \equiv 7 \mod 20\).

4. **Identify the arithmetic sequences:**
   The solutions form two arithmetic sequences:
   - \(7, 27, 47, \ldots\) with a common difference of 20
   - \(13, 33, 53, \ldots\) with a common difference of 20

5. **Determine the 2013th underlined number:**
   Each block of 20 numbers contains two underlined numbers. The 2013th underlined number is in the first sequence since 2013 is odd. The \(k\)-th term in the first sequence is:
   \[
   n = 7 + 20(k - 1)
   \]
   For the 2013th term, \(k = \frac{2013 + 1}{2} = 1007\):
   \[
   n = 7 + 20(1007 - 1) = 7 + 20 \times 1006 = 20127
   \]

6. **Verify the units digit of \(3^{20127}\):**
   Since \(20127 \equiv 3 \mod 4\), the units digit of \(3^{20127}\) is the same as the units digit of \(3^3\), which is 7.

Thus, the 2013th underlined pair is:
\[
\boxed{(20127, 3^{20127})}
\]

Solution 1:
To solve the problem of finding the 2013th underlined pair \((n, 3^n)\) where \(n\) and \(3^n\) have the same units digit, we start by analyzing the units digits of \(3^n\). The units digit of \(3^n\) cycles every 4 terms: 3, 9, 7, 1. Therefore, the units digit of \(3^n\) depends on \(n \mod 4\):

- If \(n \equiv 1 \mod 4\), the units digit of \(3^n\) is 3.
- If \(n \equiv 2 \mod 4\), the units digit of \(3^n\) is 9.
- If \(n \equiv 3 \mod 4\), the units digit of \(3^n\) is 7.
- If \(n \equiv 0 \mod 4\), the units digit of \(3^n\) is 1.

We need \(n\) such that its units digit (i.e., \(n \mod 10\)) matches the units digit of \(3^n\). This leads to the following cases:

1. \(n \equiv 1 \mod 4\) and \(n \equiv 3 \mod 10\)
2. \(n \equiv 2 \mod 4\) and \(n \equiv 9 \mod 10\)
3. \(n \equiv 3 \mod 4\) and \(n \equiv 7 \mod 10\)
4. \(n \equiv 0 \mod 4\) and \(n \equiv 1 \mod 10\)

Using the Chinese Remainder Theorem, we find that only cases 1 and 3 have solutions:

- **Case 1**: Solving \(n \equiv 1 \mod 4\) and \(n \equiv 3 \mod 10\) gives \(n \equiv 13 \mod 20\).
- **Case 3**: Solving \(n \equiv 3 \mod 4\) and \(n \equiv 7 \mod 10\) gives \(n \equiv 7 \mod 20\).

The solutions are thus the arithmetic sequences starting at 7 and 13 with a common difference of 20. These sequences are interleaved in order:

- Sequence starting at 7: \(7, 27, 47, 67, \ldots\)
- Sequence starting at 13: \(13, 33, 53, 73, \ldots\)

The combined sequence is: \(7, 13, 27, 33, 47, 53, \ldots\).

The \(2013^{\text{th}}\) term in this interleaved sequence can be found by noting that each pair of terms corresponds to one term from each sequence. Since 2013 is odd, it corresponds to the \(\left(\frac{2013 + 1}{2}\right) = 1007^{\text{th}}\) term in the first sequence (starting at 7):

\[
a_{1007} = 7 + (1007 - 1) \times 20 = 7 + 1006 \times 20 = 7 + 20120 = 20127
\]

Thus, the 2013th underlined pair is \(\boxed{20127}\).

Solution 2:
To solve the problem of finding the 2013th underlined pair \((n, 3^n)\) where \(n\) and \(3^n\) have the same units digit, we follow these steps:

1. **Identify the units digit cycle of \(3^n\)**:
   The units digit of \(3^n\) cycles every 4 terms:
   \[
   3^1 \equiv 3 \pmod{10}, \quad 3^2 \equiv 9 \pmod{10}, \quad 3^3 \equiv 7 \pmod{10}, \quad 3^4 \equiv 1 \pmod{10}
   \]
   This cycle repeats every 4 terms.

2. **Determine the units digit conditions**:
   We need \(n\) such that \(n \equiv 3^n \pmod{10}\). We check each possible units digit \(d\) from 0 to 9 to see if there exists \(k\) such that \(k \equiv d \pmod{10}\) and \(3^k \equiv d \pmod{10}\).

   - For \(d = 3\):
     \[
     k \equiv 3 \pmod{10} \quad \text{and} \quad k \equiv 1 \pmod{4}
     \]
     Solving these congruences:
     \[
     k \equiv 13 \pmod{20}
     \]

   - For \(d = 7\):
     \[
     k \equiv 7 \pmod{10} \quad \text{and} \quad k \equiv 3 \pmod{4}
     \]
     Solving these congruences:
     \[
     k \equiv 7 \pmod{20}
     \]

3. **Form the sequence of underlined \(n\)**:
   The underlined \(n\) values form two arithmetic sequences:
   \[
   7, 27, 47, \ldots \quad \text{(7 mod 20)}
   \]
   \[
   13, 33, 53, \ldots \quad \text{(13 mod 20)}
   \]
   These sequences are interleaved:
   \[
   7, 13, 27, 33, 47, 53, \ldots
   \]

4. **Find the 2013th term**:
   Since the sequence alternates between the two arithmetic progressions, the 2013th term is in the first sequence (odd index). The position in the first sequence is:
   \[
   \frac{2013 + 1}{2} = 1007
   \]
   The 1007th term in the sequence \(7, 27, 47, \ldots\) is:
   \[
   7 + 20 \times (1007 - 1) = 7 + 20 \times 1006 = 20127
   \]

5. **Verification**:
   - \(20127\) has a units digit of 7.
   - \(3^{20127} \equiv 3^3 \equiv 7 \pmod{10}\) (since \(20127 \equiv 3 \pmod{4}\)).

Thus, the 2013th underlined pair is:
\[
\boxed{(20127, 3^{20127})}
\]

Solution 3:
To solve the problem of finding the 2013th underlined pair \((n, 3^n)\) where the units digit of \(n\) matches the units digit of \(3^n\), we follow these steps:

1. **Identify the Units Digit Pattern of \(3^n\)**:
   The units digits of \(3^n\) cycle every 4 terms: \(3, 9, 7, 1\). Specifically:
   - \(3^1 \equiv 3 \pmod{10}\)
   - \(3^2 \equiv 9 \pmod{10}\)
   - \(3^3 \equiv 7 \pmod{10}\)
   - \(3^4 \equiv 1 \pmod{10}\)
   - This cycle repeats every 4 terms.

2. **Determine When \(n\) and \(3^n\) Have the Same Units Digit**:
   We need to find \(n\) such that the units digit of \(n\) matches the units digit of \(3^n\). By examining the units digits:
   - When \(n \equiv 3 \pmod{4}\), the units digit of \(3^n\) is 7.
   - When \(n \equiv 7 \pmod{20}\), the units digit of \(n\) is 7, and the units digit of \(3^n\) is also 7.
   - When \(n \equiv 13 \pmod{20}\), the units digit of \(n\) is 3, and the units digit of \(3^n\) is also 3.

3. **Formulate the Sequence of Underlined Numbers**:
   The underlined numbers form an arithmetic sequence with a common difference of 20, alternating between starting points 7 and 13:
   - \(7, 13, 27, 33, 47, 53, \ldots\)

4. **General Formula for the \(k\)-th Term**:
   - For odd \(k\), the term is \(10k - 3\).
   - For even \(k\), the term is \(10k - 7\).

5. **Calculate the 2013th Term**:
   Since 2013 is odd, we use the formula for the odd terms:
   \[
   n = 10 \times 2013 - 3 = 20130 - 3 = 20127
   \]

Thus, the 2013th underlined pair is:
\[
\boxed{(20127, 3^{20127})}
\]

Solution 4:
To solve the problem, we need to find the 2013th underlined pair \((n, 3^n)\) where \(n\) and \(3^n\) have the same units digit.

1. **Identify the Units Digit Cycle of \(3^n\)**:
   The units digits of \(3^n\) cycle every 4:
   \[
   3^1 \equiv 3 \pmod{10}, \quad 3^2 \equiv 9 \pmod{10}, \quad 3^3 \equiv 7 \pmod{10}, \quad 3^4 \equiv 1 \pmod{10}
   \]
   This cycle repeats every 4 numbers.

2. **Determine Congruence Conditions**:
   We need \(n\) and \(3^n\) to have the same units digit. This translates to solving the following congruences:
   - \(n \equiv 3 \pmod{10}\) and \(n \equiv 1 \pmod{4}\)
   - \(n \equiv 9 \pmod{10}\) and \(n \equiv 2 \pmod{4}\)
   - \(n \equiv 7 \pmod{10}\) and \(n \equiv 3 \pmod{4}\)
   - \(n \equiv 1 \pmod{10}\) and \(n \equiv 0 \pmod{4}\)

3. **Solve Each System of Congruences**:
   - For \(n \equiv 1 \pmod{4}\) and \(n \equiv 3 \pmod{10}\):
     \[
     n = 4k + 1 \implies 4k + 1 \equiv 3 \pmod{10} \implies 4k \equiv 2 \pmod{10} \implies 2k \equiv 1 \pmod{5} \implies k \equiv 3 \pmod{5}
     \]
     So, \(k = 5m + 3\) and \(n = 4(5m + 3) + 1 = 20m + 13\). Therefore, \(n \equiv 13 \pmod{20}\).

   - For \(n \equiv 2 \pmod{4}\) and \(n \equiv 9 \pmod{10}\):
     \[
     n = 4k + 2 \implies 4k + 2 \equiv 9 \pmod{10} \implies 4k \equiv 7 \pmod{10}
     \]
     Since 4 and 10 are not coprime, there is no solution.

   - For \(n \equiv 3 \pmod{4}\) and \(n \equiv 7 \pmod{10}\):
     \[
     n = 4k + 3 \implies 4k + 3 \equiv 7 \pmod{10} \implies 4k \equiv 4 \pmod{10} \implies 2k \equiv 2 \pmod{5} \implies k \equiv 1 \pmod{5}
     \]
     So, \(k = 5m + 1\) and \(n = 4(5m + 1) + 3 = 20m + 7\). Therefore, \(n \equiv 7 \pmod{20}\).

   - For \(n \equiv 0 \pmod{4}\) and \(n \equiv 1 \pmod{10}\):
     \[
     n = 4k \implies 4k \equiv 1 \pmod{10}
     \]
     Since 4 and 10 are not coprime, there is no solution.

4. **Sequence of Valid \(n\)**:
   The valid solutions are \(n \equiv 7 \pmod{20}\) and \(n \equiv 13 \pmod{20}\). This gives us two interleaved arithmetic sequences:
   - \(7, 27, 47, \ldots\) (starting at 7, common difference 20)
   - \(13, 33, 53, \ldots\) (starting at 13, common difference 20)

5. **Determine the 2013th Term**:
   Since 2013 is odd, it belongs to the first sequence (7, 27, 47, ...). The \(k\)-th term in this sequence is given by:
   \[
   n = 7 + (k-1) \times 20
   \]
   For the 2013th term, \(k = \frac{2013 + 1}{2} = 1007\). Therefore:
   \[
   n = 7 + (1007-1) \times 20 = 7 + 1006 \times 20 = 7 + 20120 = 20127
   \]

6. **Verification**:
   - The units digit of \(20127\) is 7.
   - The units digit of \(3^{20127}\) is determined by \(20127 \mod 4 = 3\), resulting in a units digit of 7 (since \(3^3 \equiv 7 \pmod{10}\)).

Thus, the 2013th underlined pair is \(\boxed{(20127, 3^{20127})}\).

Solution 5:
To find the 2013th underlined pair \((n, 3^n)\) where \(n\) and \(3^n\) have the same units digit, we need to analyze the units digit patterns of \(3^n\) and \(n\).

First, observe that the units digit of \(3^n\) cycles every 4 terms: 3, 9, 7, 1. Therefore, the units digit of \(3^n\) depends on \(n \mod 4\).

We need \(n\) and \(3^n\) to have the same units digit. Let's check each possible units digit \(d\) (from 0 to 9) and determine when \(3^n \equiv d \mod 10\) and \(n \equiv d \mod 10\).

1. **Units digit \(d = 3\)**:
   - \(n \equiv 3 \mod 10\)
   - \(3^n \equiv 3 \mod 10\)
   - For \(3^n \equiv 3 \mod 10\), \(n \mod 4\) must be 1 (since \(3^1 \equiv 3 \mod 10\)).
   - Therefore, \(n = 4m + 1\) for some integer \(m\).
   - Combining \(n \equiv 3 \mod 10\) and \(n \equiv 1 \mod 4\), we solve the system:
     \[
     n \equiv 3 \mod 10
     \]
     \[
     n \equiv 1 \mod 4
     \]
     Using the Chinese Remainder Theorem, we find \(n \equiv 13 \mod 20\).
   - Thus, \(n\) must be of the form \(20k + 13\) for some integer \(k\).

2. **Units digit \(d = 7\)**:
   - \(n \equiv 7 \mod 10\)
   - \(3^n \equiv 7 \mod 10\)
   - For \(3^n \equiv 7 \mod 10\), \(n \mod 4\) must be 3 (since \(3^3 \equiv 7 \mod 10\)).
   - Therefore, \(n = 4m + 3\) for some integer \(m\).
   - Combining \(n \equiv 7 \mod 10\) and \(n \equiv 3 \mod 4\), we solve the system:
     \[
     n \equiv 7 \mod 10
     \]
     \[
     n \equiv 3 \mod 4
     \]
     Using the Chinese Remainder Theorem, we find \(n \equiv 7 \mod 20\).
   - Thus, \(n\) must be of the form \(20k + 7\) for some integer \(k\).

These sequences are:
- Sequence for \(d = 3\): \(13, 33, 53, \ldots\)
- Sequence for \(d = 7\): \(7, 27, 47, \ldots\)

The combined sequence is interleaved, with each 20-number block contributing two terms (7 and 13 mod 20).

To find the 2013th term:
- Each 20-number block contributes 2 terms. Therefore, 2013 terms require \( \lceil 2013 / 2 \rceil = 1007 \) blocks.
- The 2013th term is the first term in the 1007th block (since 2013 is odd).

Calculating the term:
- The first term in the 1007th block (starting from 0) is \(20 \times 1006 + 7 = 20127\).

Verification confirms the units digit of \(3^{20127}\) is 7, matching the units digit of 20127.

Thus, the 2013th underlined pair is \(\boxed{20127}\).

Solution 6:
To solve the problem of finding the 2013th underlined pair \((n, 3^n)\) where \(n\) and \(3^n\) have the same units digit, we need to determine the values of \(n\) for which the units digits of \(n\) and \(3^n\) match.

First, observe the units digits of \(3^n\):
- \(3^1 \equiv 3 \mod 10\)
- \(3^2 \equiv 9 \mod 10\)
- \(3^3 \equiv 7 \mod 10\)
- \(3^4 \equiv 1 \mod 10\)
- The pattern repeats every 4 numbers: \(3, 9, 7, 1\).

We need \(n\) such that the units digit of \(n\) matches the units digit of \(3^n\). This gives us the following congruence conditions:
1. If \(n \equiv 1 \mod 4\), then \(3^n \equiv 3 \mod 10\). Thus, \(n \equiv 3 \mod 10\).
2. If \(n \equiv 2 \mod 4\), then \(3^n \equiv 9 \mod 10\). Thus, \(n \equiv 9 \mod 10\).
3. If \(n \equiv 3 \mod 4\), then \(3^n \equiv 7 \mod 10\). Thus, \(n \equiv 7 \mod 10\).
4. If \(n \equiv 0 \mod 4\), then \(3^n \equiv 1 \mod 10\). Thus, \(n \equiv 1 \mod 10\).

We need to solve these congruences using the Chinese Remainder Theorem (CRT):

1. For \(n \equiv 1 \mod 4\) and \(n \equiv 3 \mod 10\):
   \[
   n = 10k + 3 \implies 10k + 3 \equiv 1 \mod 4 \implies 2k \equiv -2 \mod 4 \implies 2k \equiv 2 \mod 4 \implies k \equiv 1 \mod 2
   \]
   Let \(k = 2m + 1\):
   \[
   n = 10(2m + 1) + 3 = 20m + 13 \implies n \equiv 13 \mod 20
   \]

2. For \(n \equiv 3 \mod 4\) and \(n \equiv 7 \mod 10\):
   \[
   n = 10k + 7 \implies 10k + 7 \equiv 3 \mod 4 \implies 2k \equiv -4 \mod 4 \implies 2k \equiv 0 \mod 4 \implies k \equiv 0 \mod 2
   \]
   Let \(k = 2m\):
   \[
   n = 10(2m) + 7 = 20m + 7 \implies n \equiv 7 \mod 20
   \]

The underlined numbers are \(7, 13, 27, 33, 47, 53, \ldots\), forming two arithmetic sequences: \(7 \mod 20\) and \(13 \mod 20\). Each pair of terms (7, 13) increments by 20.

To find the 2013th term:
- Each pair (7, 13) is two terms, so the 2013th term is the first term of the 1007th pair.
- The formula for the \(m\)th term (odd \(m\)):
  \[
  n = 10(m-1) + 7
  \]

For \(m = 2013\):
\[
n = 10(2013 - 1) + 7 = 10 \times 2012 + 7 = 20120 + 7 = 20127
\]

Thus, the 2013th underlined pair is:
\[
\boxed{(20127, 3^{20127})}
\]

Evaluation Process:

1. Initial Screening
  - Group solutions by their final answers
  - Identify and explain mathematical contradictions between different answers
  - Eliminate solutions with clear mathematical errors

2. Detailed Analysis
  For remaining solutions, evaluate:
  - Mathematical precision and accuracy
  - Logical progression of steps
  - Completeness of mathematical reasoning
  - Proper use of mathematical notation, including \boxed{}
  - Handling of edge cases or special conditions
  - For solutions containing and addressing errors, evaluate the error identification and correction methodology.

3. Solution Comparison
  Compare viable solutions based on:
  - Efficiency of approach
  - Clarity of mathematical reasoning
  - Sophistication of method
  - Robustness of solution (works for all cases)

Your response should include:
1. Brief analysis of conflicting answers
2. Detailed evaluation of mathematically sound solutions
3. Justification for eliminating incorrect solutions
4. Clear explanation for selecting the best approach

End your evaluation with exactly:
Judgment: [IDX]
where IDX is the index 0-6 of the best solution.",,alg_sequences,genselect
aimo3_tir_3ac6d428,"At 9:00, a pedestrian set off on a journey. An hour later, a cyclist set off from the same starting point. At 10:30, the cyclist caught up with the pedestrian and continued ahead, but after some time, the bicycle broke down. After repairing the bike, the cyclist resumed the journey and caught up with the pedestrian again at 13:00. How many minutes did the repair take? (The pedestrian's speed is constant, and he moved without stopping; the cyclist's speed is also constant except for the repair interval.)

Please reason step by step and use the python tool to solve the math problem.
Finally, Return only the verified final answer in \\boxed{}. Never guess.",,comb_graph,aimo3_tir
aimo3_tir_b5ab9a30,"Given \\( x, y, z \\in [1,2] \\). Prove that:
$$
\\left(\\sum x\\right)\\left(\\sum \\frac{1}{x}\\right) \\geqslant 6 \\sum \\frac{x}{y+z} .
$$

Please reason step by step and use the python tool to solve the math problem.
Finally, Return only the verified final answer in \\boxed{}. Never guess.",,other,aimo3_tir
aimo3_tir_f9d97f76,"Let \\( f(x) = x + \\frac{1}{x} - \\sqrt{2} \\). Prove that for any \\( x \\in \\left( \\frac{\\sqrt{2}}{2}, 1 \\right] \\), we have \\( \\frac{\\sqrt{2}}{2} < f(f(x)) < x \\).

Please reason step by step and use the python tool to solve the math problem.
Finally, Return only the verified final answer in \\boxed{}. Never guess.",,other,aimo3_tir
genselect_71d81e76,"You will be given a challenging math problem followed by 9 solutions. Your task is to systematically analyze these solutions to identify the most mathematically sound approach.

Input Format:
Problem: A complex mathematical word problem at advanced high school or college level
Solutions: Detailed solutions indexed 0-8, each concluding with an answer in \boxed{} notation

YOUR TASK

Problem: Find the maximum number of subsets \( A_1, A_2, \ldots, A_k \) that can be selected from \(\{1, \ldots, n\}\) such that if \( A_i \subset A_j \), then \( |A_j \setminus A_i| \geq 3 \).

Solutions:
Solution 0:
To find the maximum number of subsets \( A_1, A_2, \ldots, A_k \) from \(\{1, \ldots, n\}\) such that if \( A_i \subset A_j \), then \( |A_j \setminus A_i| \geq 3 \), we proceed as follows:

1. **Understanding the Condition**: The condition requires that the difference in size between any two subsets \( A_i \) and \( A_j \) (where \( A_i \subset A_j \)) must be at least 3.

2. **Selecting Subsets by Size Modulo 3**: To ensure that any inclusion relation between subsets will have a size difference of at least 3, we consider subsets whose sizes are congruent to a fixed residue modulo 3. Specifically, we can choose all subsets of sizes congruent to 0, 1, or 2 modulo 3.

3. **Maximizing the Family Size**: The maximum number of subsets is given by the largest sum of binomial coefficients for subsets of sizes congruent to a single residue modulo 3. This can be calculated using the formula derived from roots of unity and generating functions.

The formula for the maximum number of such subsets is:
\[
\left\lfloor \dfrac{2^n + 2}{3} \right\rfloor
\]

To verify this, let's consider the sum of binomial coefficients for subsets of sizes congruent to \( r \mod 3 \):
\[
S_r(n) = \sum_{k \equiv r \mod 3} \binom{n}{k}
\]
for \( r = 0, 1, 2 \).

Using the generating function approach with roots of unity, we can show that:
\[
S_0(n) + S_1(n) + S_2(n) = 2^n
\]
and
\[
S_r(n) = \frac{1}{3} \left( 2^n + 2 \cos \left( \frac{2\pi r}{3} \right) \right)
\]

The maximum among \( S_0(n) \), \( S_1(n) \), and \( S_2(n) \) is given by:
\[
\max_{r=0,1,2} S_r(n) = \left\lfloor \dfrac{2^n + 2}{3} \right\rfloor
\]

Thus, the maximum number of subsets \( A_1, A_2, \ldots, A_k \) that satisfy the given condition is:
\[
\boxed{\left\lfloor \dfrac{2^n + 2}{3} \right\rfloor}
\]

Solution 1:
To find the maximum number of subsets \( A_1, A_2, \ldots, A_k \) from the set \(\{1, \ldots, n\}\) such that if \( A_i \subset A_j \), then \( |A_j \setminus A_i| \geq 3 \), we can proceed as follows:

### Key Insight:
The problem requires that the difference in size between any two subsets \( A_i \) and \( A_j \) (where \( A_i \subset A_j \)) must be at least 3. This allows us to divide the subsets into layers based on their sizes modulo 3. Specifically, we consider subsets of sizes congruent to 0, 1, or 2 modulo 3.

### Steps to Solution:
1. **Divide Subsets into Layers:**
   We divide the subsets into three layers based on their sizes modulo 3:
   - Layer 0: Subsets of sizes congruent to 0 modulo 3.
   - Layer 1: Subsets of sizes congruent to 1 modulo 3.
   - Layer 2: Subsets of sizes congruent to 2 modulo 3.

2. **Sum of Binomial Coefficients:**
   The total number of subsets in each layer is given by the sum of binomial coefficients for the respective sizes:
   \[
   \sum_{k \equiv 0 \pmod{3}} \binom{n}{k}, \quad \sum_{k \equiv 1 \pmod{3}} \binom{n}{k}, \quad \text{and} \quad \sum_{k \equiv 2 \pmod{3}} \binom{n}{k}
   \]

3. **Maximize the Sum:**
   The maximum number of subsets is the largest sum among the three sums above. These sums partition all subsets of \(\{1, \ldots, n\}\), and each sum is approximately \( \frac{2^n}{3} \). Therefore, the maximum sum is given by the ceiling of \( \frac{2^n}{3} \).

### Final Answer:
The maximum number of subsets \( A_1, A_2, \ldots, A_k \) that can be selected from \(\{1, \ldots, n\}\) such that if \( A_i \subset A_j \), then \( |A_j \setminus A_i| \geq 3 \) is:
\[
\boxed{\left\lceil \frac{2^n}{3} \right\rceil}
\]

This solution leverages the partitioning of subsets into layers based on their sizes modulo 3 and ensures that the difference condition is satisfied.

Solution 2:
To solve the problem of finding the maximum number of subsets \( A_1, A_2, \ldots, A_k \) from the set \(\{1, 2, \ldots, n\}\) such that if \( A_i \subset A_j \), then \( |A_j \setminus A_i| \geq 3 \), we need to ensure that any two subsets in the family, if one is contained in the other, have their sizes differing by at least 3.

### Final Solution:

1. **Understanding the Condition**:
   - The condition \( |A_j \setminus A_i| \geq 3 \) means that if \( A_i \subset A_j \), the difference in their sizes must be at least 3.
   - This implies that if we select subsets whose sizes are congruent modulo 3, we can ensure that any two subsets in the family, if one is contained in the other, will have their sizes differing by at least 3.

2. **Selecting Subsets**:
   - We need to consider subsets whose sizes are congruent to 0, 1, or 2 modulo 3.
   - For each residue class \( r \in \{0, 1, 2\} \), we count the number of subsets of size \( k \) such that \( k \equiv r \mod 3 \).

3. **Summing Binomial Coefficients**:
   - The number of subsets of size \( k \) is given by \( \binom{n}{k} \).
   - We sum the binomial coefficients for each residue class:
     \[
     \sum_{k \equiv 0 \mod 3} \binom{n}{k}, \quad \sum_{k \equiv 1 \mod 3} \binom{n}{k}, \quad \sum_{k \equiv 2 \mod 3} \binom{n}{k}
     \]

4. **Finding the Maximum**:
   - The maximum number of subsets is the largest of these three sums:
     \[
     \max \left( \sum_{k \equiv 0 \mod 3} \binom{n}{k}, \sum_{k \equiv 1 \mod 3} \binom{n}{k}, \sum_{k \equiv 2 \mod 3} \binom{n}{k} \right)
     \]

### Final Answer:

The maximum number of subsets \( A_1, A_2, \ldots, A_k \) from the set \(\{1, 2, \ldots, n\}\) such that if \( A_i \subset A_j \), then \( |A_j \setminus A_i| \geq 3 \) is given by:

\[
\boxed{ \max \left( \sum_{k \equiv 0 \mod 3} \binom{n}{k}, \sum_{k \equiv 1 \mod 3} \binom{n}{k}, \sum_{k \equiv 2 \mod 3} \binom{n}{k} \right) }
\]

Solution 3:
To find the maximum number of subsets \( A_1, A_2, \ldots, A_k \) of the set \(\{1, 2, \ldots, n\}\) such that if \( A_i \subset A_j \), then \( |A_j \setminus A_i| \geq 3 \), we can proceed as follows:

1. **Key Insight**: The condition \( |A_j \setminus A_i| \geq 3 \) implies that the sizes of the subsets must be spaced by at least 3. Therefore, we can select subsets whose sizes are congruent to 0, 1, or 2 modulo 3. This ensures that if one subset is contained within another, their sizes differ by at least 3.

2. **Sum of Binomial Coefficients**: We need to calculate the sum of binomial coefficients for subsets of sizes congruent to 0, 1, and 2 modulo 3. Specifically, we need to find:
   \[
   S_0 = \sum_{k=0}^{\lfloor n/3 \rfloor} \binom{n}{3k},
   \]
   \[
   S_1 = \sum_{k=0}^{\lfloor (n-1)/3 \rfloor} \binom{n}{3k+1},
   \]
   \[
   S_2 = \sum_{k=0}^{\lfloor (n-2)/3 \rfloor} \binom{n}{3k+2}.
   \]
   The maximum of these three sums will give the maximum number of subsets that can be chosen while satisfying the condition.

3. **Using Roots of Unity**: The sums \( S_0, S_1, \) and \( S_2 \) can be calculated using the roots of unity filter. However, a simpler approach is to recognize that these sums are approximately one-third of the total number of subsets, \( 2^n \), rounded up. This is because the total number of subsets is \( 2^n \), and the subsets are divided into three roughly equal parts based on their sizes modulo 3.

4. **Ceiling Function**: The maximum number of subsets is given by the ceiling of \( \frac{2^n}{3} \). This is because the sums \( S_0, S_1, \) and \( S_2 \) are as close as possible to \( \frac{2^n}{3} \), and the maximum of these sums will be \( \left\lceil \frac{2^n}{3} \right\rceil \).

5. **Verification**: Checking small values of \( n \) confirms that the maximum number of subsets is indeed given by \( \left\lceil \frac{2^n}{3} \right\rceil \).

Therefore, the maximum number of subsets \( A_1, A_2, \ldots, A_k \) that can be selected from \(\{1, 2, \ldots, n\}\) such that if \( A_i \subset A_j \), then \( |A_j \setminus A_i| \geq 3 \) is:
\[
\boxed{\left\lceil \dfrac{2^n}{3} \right\rceil}
\]

Solution 4:
To find the maximum number of subsets \( A_1, A_2, \ldots, A_k \) of the set \(\{1, \ldots, n\}\) such that if \( A_i \subset A_j \), then \( |A_j \setminus A_i| \geq 3 \), we need to carefully analyze the constraints and the structure of the subsets.

### Step-by-Step Solution:

1. **Understanding the Constraint:**
   - The condition \( |A_j \setminus A_i| \geq 3 \) implies that the size difference between any two nested subsets must be at least 3.
   - This means that if \( A_i \subset A_j \), then \( |A_j| - |A_i| \geq 3 \).

2. **Partitioning Subsets by Size:**
   - We can partition the subsets based on their sizes modulo 3. Specifically, we consider subsets of sizes congruent to 0, 1, and 2 modulo 3.
   - For each \( k \) such that \( 0 \leq k \leq n \), we count the number of subsets of size \( k \) using the binomial coefficient \( \binom{n}{k} \).

3. **Summing Binomial Coefficients:**
   - We sum the binomial coefficients for each residue class modulo 3:
     \[
     S_0 = \sum_{k \equiv 0 \pmod{3}} \binom{n}{k}, \quad S_1 = \sum_{k \equiv 1 \pmod{3}} \binom{n}{k}, \quad S_2 = \sum_{k \equiv 2 \pmod{3}} \binom{n}{k}
     \]
   - The maximum number of subsets is the largest of these three sums.

4. **Using Roots of Unity Filter:**
   - To compute these sums, we use the roots of unity filter. Let \( \omega \) be a primitive 3rd root of unity, i.e., \( \omega^3 = 1 \) and \( 1 + \omega + \omega^2 = 0 \).
   - The sums can be expressed as:
     \[
     S_0 = \frac{1}{3} \left( (1+1)^n + (1+\omega)^n + (1+\omega^2)^n \right)
     \]
     \[
     S_1 = \frac{1}{3} \left( (1+1)^n + \omega^2 (1+\omega)^n + \omega (1+\omega^2)^n \right)
     \]
     \[
     S_2 = \frac{1}{3} \left( (1+1)^n + \omega (1+\omega)^n + \omega^2 (1+\omega^2)^n \right)
     \]

5. **Simplifying the Expression:**
   - Since \( 1 + \omega \) and \( 1 + \omega^2 \) are complex conjugates, their powers will also be complex conjugates.
   - The real part of \( (1+\omega)^n \) and \( (1+\omega^2)^n \) will cancel out in the sums, leaving us with:
     \[
     S_0, S_1, S_2 \approx \frac{2^n}{3}
     \]
   - The exact values of \( S_0, S_1, S_2 \) will be close to \( \frac{2^n}{3} \), but may differ slightly due to the integer nature of binomial coefficients.

6. **Maximum Value:**
   - The maximum number of subsets is the largest of \( S_0, S_1, \) and \( S_2 \).
   - This maximum value is given by the ceiling of \( \frac{2^n}{3} \).

### Final Answer:
\[
\boxed{\left\lceil \dfrac{2^n}{3} \right\rceil}
\]

Solution 5:
To find the maximum number of subsets \( A_1, A_2, \ldots, A_k \) that can be selected from \(\{1, \ldots, n\}\) such that if \( A_i \subset A_j \), then \( |A_j \setminus A_i| \geq 3 \), we need to carefully consider the sizes of the subsets.

### Key Insight:
The condition \( |A_j \setminus A_i| \geq 3 \) implies that the sizes of the subsets must be spaced out by at least 3. This means we can partition the subsets based on their sizes modulo 3. Specifically, we consider subsets whose sizes are congruent to 0, 1, or 2 modulo 3.

### Steps to the Solution:
1. **Partition Subsets by Size Modulo 3:**
   - Consider subsets of size \( k \equiv 0 \pmod{3} \).
   - Consider subsets of size \( k \equiv 1 \pmod{3} \).
   - Consider subsets of size \( k \equiv 2 \pmod{3} \).

2. **Sum Binomial Coefficients for Each Partition:**
   - Compute the sum of binomial coefficients for subsets of size \( k \equiv 0 \pmod{3} \):
     \[
     \sum_{k \equiv 0 \pmod{3}} \binom{n}{k}
     \]
   - Compute the sum of binomial coefficients for subsets of size \( k \equiv 1 \pmod{3} \):
     \[
     \sum_{k \equiv 1 \pmod{3}} \binom{n}{k}
     \]
   - Compute the sum of binomial coefficients for subsets of size \( k \equiv 2 \pmod{3} \):
     \[
     \sum_{k \equiv 2 \pmod{3}} \binom{n}{k}
     \]

3. **Determine the Maximum Sum:**
   - The maximum number of subsets is the largest of these three sums:
     \[
     \max \left( \sum_{k \equiv 0 \pmod{3}} \binom{n}{k}, \sum_{k \equiv 1 \pmod{3}} \binom{n}{k}, \sum_{k \equiv 2 \pmod{3}} \binom{n}{k} \right)
     \]

### Final Answer:
The maximum number of subsets \( A_1, A_2, \ldots, A_k \) that can be selected from \(\{1, \ldots, n\}\) such that if \( A_i \subset A_j \), then \( |A_j \setminus A_i| \geq 3 \) is given by:

\[
\boxed{\max_{r=0,1,2} \left( \sum_{k \equiv r \pmod{3}} \binom{n}{k} \right)}
\]

This solution ensures that the subsets are chosen such that any two subsets are either incomparable or differ in size by at least 3, thereby satisfying the given condition.

Solution 6:
To solve the problem of finding the maximum number of subsets \( A_1, A_2, \ldots, A_k \) from \(\{1, \ldots, n\}\) such that if \( A_i \subset A_j \), then \( |A_j \setminus A_i| \geq 3 \), we need to ensure that any two subsets where one is contained in the other must have a size difference of at least 3.

### Key Insight:
The key insight is that subsets in the family must be such that any two subsets where one is contained in the other must have a size difference of at least 3. This leads to considering subsets whose sizes are congruent modulo 3. This ensures that any two nested subsets have a size difference of at least 3.

### Steps to the Solution:
1. **Identify the Congruence Classes:**
   We need to consider the sizes of the subsets modulo 3. This means we will look at subsets of sizes \(0 \pmod{3}\), \(1 \pmod{3}\), and \(2 \pmod{3}\).

2. **Sum of Binomial Coefficients:**
   For each congruence class, we sum the binomial coefficients corresponding to the sizes in that class. Specifically, we calculate:
   \[
   S_0 = \sum_{k \equiv 0 \pmod{3}} \binom{n}{k}
   \]
   \[
   S_1 = \sum_{k \equiv 1 \pmod{3}} \binom{n}{k}
   \]
   \[
   S_2 = \sum_{k \equiv 2 \pmod{3}} \binom{n}{k}
   \]

3. **Find the Maximum Sum:**
   The maximum number of subsets that satisfy the given condition is the maximum of these three sums:
   \[
   \max(S_0, S_1, S_2)
   \]

### Verification:
To verify, we can check small values of \(n\):
- For \(n = 3\):
  \[
  S_0 = \binom{3}{0} + \binom{3}{3} = 1 + 1 = 2
  \]
  \[
  S_1 = \binom{3}{1} = 3
  \]
  \[
  S_2 = \binom{3}{2} = 3
  \]
  \[
  \max(S_0, S_1, S_2) = \max(2, 3, 3) = 3
  \]

- For \(n = 4\):
  \[
  S_0 = \binom{4}{0} + \binom{4}{3} = 1 + 4 = 5
  \]
  \[
  S_1 = \binom{4}{1} = 4
  \]
  \[
  S_2 = \binom{4}{2} = 6
  \]
  \[
  \max(S_0, S_1, S_2) = \max(5, 4, 6) = 6
  \]

- For \(n = 5\):
  \[
  S_0 = \binom{5}{0} + \binom{5}{3} = 1 + 10 = 11
  \]
  \[
  S_1 = \binom{5}{1} + \binom{5}{4} = 5 + 5 = 10
  \]
  \[
  S_2 = \binom{5}{2} + \binom{5}{5} = 10 + 1 = 11
  \]
  \[
  \max(S_0, S_1, S_2) = \max(11, 10, 11) = 11
  \]

### Conclusion:
The maximum number of subsets \( A_1, A_2, \ldots, A_k \) that can be selected from \(\{1, \ldots, n\}\) such that if \( A_i \subset A_j \), then \( |A_j \setminus A_i| \geq 3 \) is given by:
\[
\boxed{\max \left( \sum_{k \equiv 0 \pmod{3}} \binom{n}{k}, \sum_{k \equiv 1 \pmod{3}} \binom{n}{k}, \sum_{k \equiv 2 \pmod{3}} \binom{n}{k} \right)}
\]

Solution 7:
To solve the problem of finding the maximum number of subsets \( A_1, A_2, \ldots, A_k \) that can be selected from \(\{1, \ldots, n\}\) such that if \( A_i \subset A_j \), then \( |A_j \setminus A_i| \geq 3 \), we can use the following approach:

1. **Group Subsets by Size Modulo 3:**
   We group the subsets based on their sizes modulo 3. Specifically, we consider subsets whose sizes are congruent to 0, 1, or 2 modulo 3. This ensures that any two subsets where one is contained in the other have a size difference of at least 3.

2. **Calculate the Sums of Binomial Coefficients:**
   For each residue class \( r \in \{0, 1, 2\} \), we calculate the sum of the binomial coefficients \( \binom{n}{k} \) for all \( k \equiv r \pmod{3} \):
   \[
   S_r = \sum_{\substack{k=0 \\ k \equiv r \pmod{3}}}^n \binom{n}{k}
   \]
   where \( S_0 \), \( S_1 \), and \( S_2 \) are the sums for the residue classes 0, 1, and 2, respectively.

3. **Determine the Maximum Sum:**
   The maximum number of subsets is the largest of these three sums:
   \[
   \max(S_0, S_1, S_2)
   \]

4. **Use the Ceiling Function:**
   It has been shown that the maximum number of subsets is approximately \( \frac{2^n}{3} \). Since the number of subsets must be an integer, we take the ceiling of this value:
   \[
   \left\lceil \frac{2^n}{3} \right\rceil
   \]

Therefore, the maximum number of subsets is given by:
\[
\boxed{\left\lceil \frac{2^n}{3} \right\rceil}
\]

This solution ensures that the condition \( |A_j \setminus A_i| \geq 3 \) is satisfied for any two subsets \( A_i \subset A_j \) in the selected family.

Solution 8:
To find the maximum number of subsets \( A_1, A_2, \ldots, A_k \) that can be selected from \(\{1, \ldots, n\}\) such that if \( A_i \subset A_j \), then \( |A_j \setminus A_i| \geq 3 \), we need to consider the structure of the subsets and their inclusion relationships.

### Key Steps:

1. **Understanding the Condition**: The condition \( |A_j \setminus A_i| \geq 3 \) means that if one subset is contained in another, their difference must be at least 3 elements. This restricts the sizes of subsets that can be included together.

2. **Considering Antichains**: An antichain is a family of subsets where no subset is contained in another. The maximum size of an antichain in the power set of \(\{1, \ldots, n\}\) is given by Sperner's theorem as \(\binom{n}{\lfloor n/2 \rfloor}\). However, this might not always be the optimal solution for our problem.

3. **Exploring Modulo 3 Layers**: We partition the subsets based on their sizes modulo 3. Specifically, we consider subsets of sizes \(0 \mod 3\), \(1 \mod 3\), and \(2 \mod 3\). The goal is to find the maximum sum of binomial coefficients for these classes.

4. **Using the Theorem by Bruijn, Tengbergen, and Kruyswijk**: This theorem states that the maximum number of subsets with sizes in any arithmetic progression modulo 3 is approximately \(2^n / 3\). For each \(n\), the maximum is achieved by the residue class closest to \(n/3\).

5. **Combining Results**: For smaller \(n\) (specifically \(n \leq 4\)), the maximum antichain is larger than the sum of binomial coefficients modulo 3. However, for \(n \geq 5\), the sum of binomial coefficients modulo 3 (specifically the ceiling of \(2^n / 3\)) becomes the optimal solution.

### Detailed Solution:

1. **For \(n \leq 4\)**:
   - The maximum antichain size is given by Sperner's theorem as \(\binom{n}{\lfloor n/2 \rfloor}\).
   - For \(n = 1\), the maximum is 1.
   - For \(n = 2\), the maximum is 2.
   - For \(n = 3\), the maximum is 3.
   - For \(n = 4\), the maximum is 6.

2. **For \(n \geq 5\)**:
   - The maximum number of subsets is the ceiling of \(2^n / 3\).

### Final Answer:

The maximum number of subsets is given by:
\[
\boxed{\left\lceil \frac{2^n}{3} \right\rceil}
\]

This formula unifies the cases for both small and large \(n\) and is consistent with the theoretical results.

Evaluation Process:

1. Initial Screening
  - Group solutions by their final answers
  - Identify and explain mathematical contradictions between different answers
  - Eliminate solutions with clear mathematical errors

2. Detailed Analysis
  For remaining solutions, evaluate:
  - Mathematical precision and accuracy
  - Logical progression of steps
  - Completeness of mathematical reasoning
  - Proper use of mathematical notation, including \boxed{}
  - Handling of edge cases or special conditions
  - For solutions containing and addressing errors, evaluate the error identification and correction methodology.

3. Solution Comparison
  Compare viable solutions based on:
  - Efficiency of approach
  - Clarity of mathematical reasoning
  - Sophistication of method
  - Robustness of solution (works for all cases)

Your response should include:
1. Brief analysis of conflicting answers
2. Detailed evaluation of mathematically sound solutions
3. Justification for eliminating incorrect solutions
4. Clear explanation for selecting the best approach

End your evaluation with exactly:
Judgment: [IDX]
where IDX is the index 0-8 of the best solution.",,comb_pigeonhole,genselect
genselect_2bb3ab94,"You will be given a challenging math problem followed by 11 solutions. Your task is to systematically analyze these solutions to identify the most mathematically sound approach.

Input Format:
Problem: A complex mathematical word problem at advanced high school or college level
Solutions: Detailed solutions indexed 0-10, each concluding with an answer in \boxed{} notation

YOUR TASK

Problem: Let \(ABC\) be an acute triangle. Find the locus of all points \(P\) such that, calling \(O_{a}, O_{b}, O_{c}\) the circumcenters of \(PBC\), \(PAC\), and \(PAB\):
\[
\frac{O_{a}O_{b}}{AB} = \frac{O_{b}O_{c}}{BC} = \frac{O_{c}O_{a}}{CA}
\]

Solutions:
Solution 0:
\[
\frac{O_aO_b}{AB} = \frac{O_bO_c}{BC} = \frac{O_cO_a}{CA},
\]

we need to determine the specific point \( P \) that satisfies this condition.

### Key Insight:

The condition implies that the triangle \( O_aO_bO_c \) must be similar to triangle \( ABC \). This similarity suggests a specific geometric transformation that maps \( ABC \) to \( O_aO_bO_c \).

### Verification with Specific Points:

1. **Equilateral Triangle Case**:
   - In an equilateral triangle, the centroid, circumcenter, and orthocenter coincide. Testing the centroid (which is also the orthocenter in this case) showed that the condition holds true.

2. **Non-Equilateral Acute Triangle Case**:
   - Consider an acute triangle \( ABC \) with coordinates \( A(0,0) \), \( B(2,0) \), and \( C(1,2) \).
   - Compute the orthocenter \( H \) of \( ABC \):
     - The altitude from \( C \) to \( AB \) is the vertical line \( x = 1 \).
     - The altitude from \( A \) to \( BC \) has slope \( -\frac{1}{2} \) and passes through \( A(0,0) \). Its equation is \( y = -\frac{1}{2}x \).
     - The intersection of these altitudes gives the orthocenter \( H(1, 0.5) \).

   - Verify that \( P = H \) satisfies the condition:
     - Compute the circumcenters \( O_a, O_b, O_c \) of triangles \( PBC, PAC, PAB \):
       - \( O_a \) is the circumcenter of \( PBC \).
       - \( O_b \) is the circumcenter of \( PAC \).
       - \( O_c \) is the circumcenter of \( PAB \).

     - Check the distances \( O_aO_b, O_bO_c, O_cO_a \):
       - For \( P = H \), the distances between the circumcenters are found to be proportional to the sides of \( ABC \).

3. **Another Non-Equilateral Acute Triangle Case**:
   - Consider another acute triangle \( A(0,0) \), \( B(4,0) \), and \( C(1,3) \).
   - Compute the orthocenter \( H \) of \( ABC \):
     - The altitude from \( C \) to \( AB \) is the vertical line \( x = 1 \).
     - The altitude from \( B \) to \( AC \) has slope \( -\frac{1}{3} \) and passes through \( B(4,0) \). Its equation is \( y = -\frac{1}{3}(x - 4) \).
     - The intersection of these altitudes gives the orthocenter \( H(1, 1) \).

   - Verify that \( P = H \) satisfies the condition:
     - Compute the circumcenters \( O_a, O_b, O_c \) of triangles \( PBC, PAC, PAB \):
       - \( O_a \) is the circumcenter of \( PBC \).
       - \( O_b \) is the circumcenter of \( PAC \).
       - \( O_c \) is the circumcenter of \( PAB \).

     - Check the distances \( O_aO_b, O_bO_c, O_cO_a \):
       - For \( P = H \), the distances between the circumcenters are found to be proportional to the sides of \( ABC \).

### Conclusion:

In all tested cases, the orthocenter \( H \) of triangle \( ABC \) satisfies the given condition. Therefore, the locus of all points \( P \) that satisfy the condition is the orthocenter of triangle \( ABC \).

\[
\boxed{\text{the orthocenter of } \triangle ABC}
\]

Solution 1:
To find the locus of all points \(P\) such that the circumcenters \(O_a\), \(O_b\), and \(O_c\) of triangles \(PBC\), \(PAC\), and \(PAB\) respectively satisfy the condition \(\frac{O_aO_b}{AB} = \frac{O_bO_c}{BC} = \frac{O_cO_a}{CA}\), we need to analyze the geometric properties and transformations involved.

### Step-by-Step Solution:

1. **Understanding the Condition:**
   The given condition implies that the triangle formed by the circumcenters \(O_a\), \(O_b\), and \(O_c\) is similar to triangle \(ABC\). This means that the ratios of the corresponding sides of triangles \(O_aO_bO_c\) and \(ABC\) are equal.

2. **Geometric Insight:**
   The circumcenter of a triangle is the point equidistant from all its vertices and lies at the intersection of the perpendicular bisectors of its sides. For the triangle \(O_aO_bO_c\) to be similar to \(ABC\), the point \(P\) must be such that the distances from \(P\) to the vertices \(A\), \(B\), and \(C\) are related in a specific way.

3. **Testing Specific Points:**
   Let's test the orthocenter \(H\) of triangle \(ABC\). The orthocenter is the point where the altitudes of the triangle intersect. We will show that when \(P = H\), the triangle \(O_aO_bO_c\) is similar to \(ABC\).

4. **Properties of the Orthocenter:**
   - The orthocenter \(H\) is the point where the altitudes of \(ABC\) intersect.
   - The circumcenters \(O_a\), \(O_b\), and \(O_c\) of triangles \(HBC\), \(HAC\), and \(HAB\) respectively are the points equidistant from the vertices of these triangles.

5. **Similarity of Triangles:**
   - When \(P = H\), the triangle \(O_aO_bO_c\) is formed by the circumcenters of triangles \(HBC\), \(HAC\), and \(HAB\).
   - The key property here is that the triangle \(O_aO_bO_c\) is homothetic to \(ABC\) with the homothety center at the orthocenter \(H\) and a certain scaling factor.

6. **Verification:**
   - For an acute triangle \(ABC\), the orthocenter \(H\) is inside the triangle.
   - The distances from \(H\) to the sides of \(ABC\) are related to the altitudes, and the circumcenters \(O_a\), \(O_b\), and \(O_c\) are positioned such that the triangle \(O_aO_bO_c\) is similar to \(ABC\).

### Conclusion:
By verifying the properties and transformations, we find that the only point \(P\) that satisfies the given condition for any acute triangle \(ABC\) is the orthocenter \(H\).

Thus, the locus of all points \(P\) is the orthocenter of triangle \(ABC\).

\[
\boxed{\text{The orthocenter of triangle } ABC}
\]

Solution 2:
To solve the problem of finding the locus of all points \( P \) such that the distances between the circumcenters \( O_a, O_b, O_c \) of triangles \( PBC, PAC, PAB \) satisfy the ratios
\[
\frac{O_aO_b}{AB} = \frac{O_bO_c}{BC} = \frac{O_cO_a}{CA},
\]
we proceed as follows:

### Step 1: Define the Circumcenters
Let \( O_a, O_b, O_c \) be the circumcenters of triangles \( PBC, PAC, PAB \), respectively. By definition, these points are the intersections of the perpendicular bisectors of the sides of the respective triangles.

### Step 2: Consider the Orthocenter
We hypothesize that the point \( P \) that satisfies the given condition is the orthocenter of \( \triangle ABC \). Denote the orthocenter of \( \triangle ABC \) by \( H \).

### Step 3: Verify the Condition for \( P = H \)
We need to show that when \( P \) is the orthocenter \( H \), the distances between the circumcenters \( O_a, O_b, O_c \) satisfy the required ratios.

1. **Circumcenter \( O_a \) of \( \triangle HBC \)**:
   - The orthocenter \( H \) of \( \triangle ABC \) lies inside the triangle.
   - The perpendicular bisectors of \( HB \) and \( HC \) intersect at \( O_a \).

2. **Circumcenter \( O_b \) of \( \triangle HAC \)**:
   - Similarly, the perpendicular bisectors of \( HA \) and \( HC \) intersect at \( O_b \).

3. **Circumcenter \( O_c \) of \( \triangle HAB \)**:
   - The perpendicular bisectors of \( HA \) and \( HB \) intersect at \( O_c \).

### Step 4: Calculate Distances and Ratios
We need to compute the distances \( O_aO_b, O_bO_c, O_cO_a \) and verify the given ratios.

1. **Distance \( O_aO_b \)**:
   - The distance between the circumcenters \( O_a \) and \( O_b \) is the distance between the circumcenters of \( \triangle HBC \) and \( \triangle HAC \).

2. **Distance \( O_bO_c \)**:
   - The distance between the circumcenters \( O_b \) and \( O_c \) is the distance between the circumcenters of \( \triangle HAC \) and \( \triangle HAB \).

3. **Distance \( O_cO_a \)**:
   - The distance between the circumcenters \( O_c \) and \( O_a \) is the distance between the circumcenters of \( \triangle HAB \) and \( \triangle HBC \).

### Step 5: Use Properties of the Orthocenter
The orthocenter \( H \) of an acute triangle \( \triangle ABC \) has specific properties:
- The circumcenters \( O_a, O_b, O_c \) of \( \triangle HBC, \triangle HAC, \triangle HAB \) form a triangle similar to \( \triangle ABC \).
- The distances between these circumcenters are proportional to the sides of \( \triangle ABC \).

### Step 6: Prove the Ratios
Given the similarity and the proportional distances:
\[
\frac{O_aO_b}{AB} = \frac{O_bO_c}{BC} = \frac{O_cO_a}{CA}.
\]

### Conclusion
Thus, the locus of all points \( P \) such that the given condition holds is the orthocenter of \( \triangle ABC \).

\[
\boxed{\text{The orthocenter of } \triangle ABC}
\]

Solution 3:
To solve the problem, we need to find the locus of all points \( P \) such that the distances between the circumcenters \( O_a, O_b, O_c \) of triangles \( PBC, PAC, PAB \) respectively satisfy the ratios:
\[
\frac{O_aO_b}{AB} = \frac{O_bO_c}{BC} = \frac{O_cO_a}{CA}.
\]

### Step-by-Step Solution:

1. **Identify the Circumcenters:**
   - \( O_a \) is the circumcenter of \( \triangle PBC \).
   - \( O_b \) is the circumcenter of \( \triangle PAC \).
   - \( O_c \) is the circumcenter of \( \triangle PAB \).

2. **Understand the Geometric Configuration:**
   - The circumcenter of a triangle is the point equidistant from all three vertices of the triangle.
   - For \( \triangle PBC \), \( O_a \) is equidistant from \( P, B, \) and \( C \).
   - Similarly, \( O_b \) is equidistant from \( P, A, \) and \( C \), and \( O_c \) is equidistant from \( P, A, \) and \( B \).

3. **Similarity Condition:**
   - The condition \( \frac{O_aO_b}{AB} = \frac{O_bO_c}{BC} = \frac{O_cO_a}{CA} \) implies that the triangle \( \triangle O_aO_bO_c \) is similar to \( \triangle ABC \).

4. **Consider the Orthocenter \( H \):**
   - The orthocenter \( H \) of \( \triangle ABC \) is the point where the altitudes intersect.
   - For an acute triangle, the orthocenter lies inside the triangle.

5. **Verify the Condition for \( P = H \):**
   - When \( P \) is the orthocenter \( H \), the circumcenters \( O_a, O_b, O_c \) of \( \triangle HBC, \triangle HAC, \triangle HAB \) are known to form a triangle similar to \( \triangle ABC \).
   - This similarity is a known geometric property for the orthocenter in an acute triangle.

6. **Calculate the Distances:**
   - For \( P = H \):
     - \( O_a \) is the circumcenter of \( \triangle HBC \).
     - \( O_b \) is the circumcenter of \( \triangle HAC \).
     - \( O_c \) is the circumcenter of \( \triangle HAB \).
   - The distances \( O_aO_b, O_bO_c, O_cO_a \) are proportional to the sides \( AB, BC, CA \) respectively.

7. **Conclusion:**
   - Since the triangle \( \triangle O_aO_bO_c \) is similar to \( \triangle ABC \) when \( P = H \), the ratios \( \frac{O_aO_b}{AB} = \frac{O_bO_c}{BC} = \frac{O_cO_a}{CA} \) are all equal to 1.
   - Therefore, the orthocenter \( H \) satisfies the given condition.

Thus, the locus of all points \( P \) such that the given condition holds is the orthocenter \( H \) of \( \triangle ABC \).

\[
\boxed{H}
\]

Solution 4:
To solve the problem of finding the locus of points \(P\) such that the circumcenters \(O_a\), \(O_b\), and \(O_c\) of triangles \(PBC\), \(PAC\), and \(PAB\) respectively satisfy the condition \(\frac{O_aO_b}{AB} = \frac{O_bO_c}{BC} = \frac{O_cO_a}{CA}\), we can proceed as follows:

### Step-by-Step Solution

1. **Understanding the Condition**:
   - The given condition \(\frac{O_aO_b}{AB} = \frac{O_bO_c}{BC} = \frac{O_cO_a}{CA}\) implies that the triangle \(O_aO_bO_c\) is similar to triangle \(ABC\) with a common ratio \(k\).

2. **Circumcenters and Similarity**:
   - The circumcenter \(O_a\) of triangle \(PBC\) is equidistant from points \(P\), \(B\), and \(C\). Similarly, \(O_b\) and \(O_c\) are equidistant from their respective vertices.
   - For the triangle \(O_aO_bO_c\) to be similar to \(ABC\), the distances between the circumcenters must be proportional to the sides of \(ABC\).

3. **Case Analysis**:
   - Consider the case when \(P\) lies on the circumcircle of \(ABC\). In this scenario, the circumcenters \(O_a\), \(O_b\), and \(O_c\) of triangles \(PBC\), \(PAC\), and \(PAB\) respectively all coincide with the circumcenter \(O\) of \(ABC\).
   - Therefore, \(O_a = O_b = O_c = O\), and the distances \(O_aO_b\), \(O_bO_c\), and \(O_cO_a\) are all zero.
   - The ratios \(\frac{O_aO_b}{AB} = \frac{O_bO_c}{BC} = \frac{O_cO_a}{CA}\) are all zero, which trivially satisfy the given condition.

4. **Verification for Other Points**:
   - For points \(P\) not on the circumcircle, the circumcenters \(O_a\), \(O_b\), and \(O_c\) form a triangle similar to \(ABC\) with a non-zero ratio \(k\).
   - Detailed geometric analysis and calculations show that the only consistent solution for the similarity ratio \(k\) is when \(P\) lies on the circumcircle.

5. **Conclusion**:
   - The locus of all points \(P\) such that the given condition is satisfied is the circumcircle of triangle \(ABC\).

Thus, the locus of all such points \(P\) is the circumcircle of triangle \(ABC\).

\[
\boxed{\text{The circumcircle of } \triangle ABC}
\]

Solution 5:
To find the locus of all points \(P\) such that the circumcenters \(O_a, O_b, O_c\) of triangles \(PBC\), \(PAC\), and \(PAB\) satisfy the condition \(\frac{O_aO_b}{AB} = \frac{O_bO_c}{BC} = \frac{O_cO_a}{CA}\), we will show that the orthocenter of triangle \(ABC\) is the point \(P\) that satisfies this condition.

### Step-by-Step Solution:

1. **Define the Problem:**
   - Let \(ABC\) be an acute triangle.
   - Let \(P\) be a point inside or outside \(ABC\).
   - Define \(O_a, O_b, O_c\) as the circumcenters of triangles \(PBC\), \(PAC\), and \(PAB\) respectively.
   - The condition to satisfy is \(\frac{O_aO_b}{AB} = \frac{O_bO_c}{BC} = \frac{O_cO_a}{CA}\).

2. **Consider the Orthocenter:**
   - Let \(H\) be the orthocenter of triangle \(ABC\).
   - We need to show that when \(P = H\), the condition is satisfied.

3. **Circumcenters of Triangles Involving the Orthocenter:**
   - For \(P = H\), the circumcenters \(O_a, O_b, O_c\) of triangles \(HBC\), \(HAC\), and \(HAB\) are considered.
   - Recall that the orthocenter \(H\) of \(ABC\) is the point where the altitudes of the triangle intersect.

4. **Properties of Circumcenters:**
   - The circumcenter of a triangle is equidistant from all vertices of the triangle.
   - For triangle \(HBC\), \(O_a\) is the circumcenter, so \(O_a\) is equidistant from \(H, B,\) and \(C\).
   - Similarly, \(O_b\) is the circumcenter of triangle \(HAC\) and \(O_c\) is the circumcenter of triangle \(HAB\).

5. **Distance Relations:**
   - We need to show that the distances between the circumcenters \(O_a, O_b, O_c\) are proportional to the sides of triangle \(ABC\).
   - For \(P = H\), the distances \(O_aO_b\), \(O_bO_c\), and \(O_cO_a\) are related to the sides \(AB\), \(BC\), and \(CA\) respectively.

6. **Verification through Coordinate Geometry:**
   - Consider an acute triangle \(ABC\) with coordinates \(A(0,0)\), \(B(4,0)\), \(C(1,3)\).
   - Compute the orthocenter \(H\) of \(ABC\).
   - Compute the circumcenters \(O_a, O_b, O_c\) for triangles \(HBC\), \(HAC\), and \(HAB\).
   - Verify that the distances \(O_aO_b\), \(O_bO_c\), and \(O_cO_a\) are equal to the sides \(AB\), \(BC\), and \(CA\) respectively.

7. **Conclusion:**
   - Through coordinate calculations and geometric properties, it is confirmed that when \(P = H\), the distances between the circumcenters are exactly equal to the sides of triangle \(ABC\).
   - Therefore, the ratios \(\frac{O_aO_b}{AB} = \frac{O_bO_c}{BC} = \frac{O_cO_a}{CA} = 1\).

Thus, the locus of all points \(P\) such that the given condition is satisfied is the orthocenter of triangle \(ABC\).

\[
\boxed{\text{The orthocenter of triangle } ABC}
\]

Solution 6:
To solve the problem, we need to find the locus of points \( P \) in an acute triangle \( ABC \) such that the circumcenters \( O_a \), \( O_b \), and \( O_c \) of triangles \( PBC \), \( PAC \), and \( PAB \) respectively form a triangle \( O_aO_bO_c \) that is similar to \( ABC \). This means the ratios of the corresponding sides must be equal:
\[
\frac{O_aO_b}{AB} = \frac{O_bO_c}{BC} = \frac{O_cO_a}{CA}.
\]

### Step-by-Step Solution:

1. **Understanding the Circumcenters**:
   - \( O_a \) is the circumcenter of \( \triangle PBC \).
   - \( O_b \) is the circumcenter of \( \triangle PAC \).
   - \( O_c \) is the circumcenter of \( \triangle PAB \).

2. **Properties of Circumcenters**:
   - The circumcenter of a triangle is the intersection of the perpendicular bisectors of the sides of the triangle.
   - For \( \triangle PBC \), \( O_a \) lies on the perpendicular bisectors of \( PB \) and \( PC \).
   - Similarly, \( O_b \) lies on the perpendicular bisectors of \( PA \) and \( PC \), and \( O_c \) lies on the perpendicular bisectors of \( PA \) and \( PB \).

3. **Similarity Condition**:
   - For \( \triangle O_aO_bO_c \) to be similar to \( \triangle ABC \), the corresponding angles must be equal, and the corresponding sides must be proportional.
   - This implies that the distances between the circumcenters must be proportional to the sides of \( \triangle ABC \).

4. **Homothety and Special Points**:
   - Consider the homothety that maps \( \triangle ABC \) to \( \triangle O_aO_bO_c \).
   - The only point \( P \) that can maintain this similarity is the circumcenter \( O \) of \( \triangle ABC \).

5. **Verification**:
   - When \( P \) is the circumcenter \( O \) of \( \triangle ABC \):
     - \( O_a \) is the circumcenter of \( \triangle OBC \).
     - \( O_b \) is the circumcenter of \( \triangle OAC \).
     - \( O_c \) is the circumcenter of \( \triangle OAB \).
   - Since \( O \) is the circumcenter, it is equidistant from \( A \), \( B \), and \( C \). Thus, \( O_a \), \( O_b \), and \( O_c \) are the circumcenters of the triangles formed by \( O \) and the sides of \( \triangle ABC \).

6. **Conclusion**:
   - The circumcenter \( O \) of \( \triangle ABC \) is the only point that satisfies the given condition because it ensures that \( \triangle O_aO_bO_c \) is similar to \( \triangle ABC \).

Therefore, the locus of points \( P \) is the circumcenter \( O \) of \( \triangle ABC \).

\[
\boxed{O}
\]

Solution 7:
To find the locus of all points \(P\) such that the circumcenters \(O_a\), \(O_b\), and \(O_c\) of triangles \(PBC\), \(PAC\), and \(PAB\) respectively satisfy the condition:
\[
\frac{O_aO_b}{AB} = \frac{O_bO_c}{BC} = \frac{O_cO_a}{CA},
\]
we need to analyze the geometric properties of these points.

### Step-by-Step Solution:

1. **Understanding the Condition**:
   The given condition implies that the triangle formed by \(O_a\), \(O_b\), and \(O_c\) is similar to triangle \(ABC\). This means that the ratios of the corresponding sides of triangles \(O_aO_bO_c\) and \(ABC\) are equal.

2. **Testing Specific Points**:
   We will test specific points such as the centroid, circumcenter, and orthocenter to see if they satisfy the condition.

3. **Centroid**:
   For an equilateral triangle, the centroid works, but for other acute triangles, the centroid does not satisfy the condition.

4. **Orthocenter**:
   For various acute triangles (isosceles, scalene), we need to check if the orthocenter \(H\) satisfies the condition.

5. **Verification for Orthocenter**:
   Let \(P\) be the orthocenter \(H\) of triangle \(ABC\). We need to show that the circumcenters \(O_a\), \(O_b\), and \(O_c\) of triangles \(HBC\), \(HAC\), and \(HAB\) respectively form a triangle similar to \(ABC\).

   - The orthocenter \(H\) is the intersection of the altitudes of triangle \(ABC\).
   - The circumcenter \(O_a\) of triangle \(HBC\) is the intersection of the perpendicular bisectors of \(HB\) and \(HC\).
   - Similarly, \(O_b\) and \(O_c\) are the circumcenters of triangles \(HAC\) and \(HAB\), respectively.

6. **Symmetry and Similarity**:
   - In an acute triangle, the orthocenter \(H\) and the circumcenter \(O\) are isogonal conjugates.
   - The circumcenters \(O_a\), \(O_b\), and \(O_c\) are symmetrically placed with respect to the sides of triangle \(ABC\) when \(P\) is the orthocenter.
   - This symmetry ensures that the triangle \(O_aO_bO_c\) is similar to triangle \(ABC\) with the same orientation and ratio.

7. **Conclusion**:
   - The orthocenter \(H\) is the only point where the circumcenters \(O_a\), \(O_b\), and \(O_c\) form a triangle similar to \(ABC\) with the required ratios.
   - Other points such as the centroid or circumcenter do not satisfy the condition in non-equilateral triangles.

Thus, the locus of all such points \(P\) is the orthocenter of triangle \(ABC\).

\[
\boxed{H}
\]

Solution 8:
To solve the problem of finding the locus of points \( P \) such that the circumcenters \( O_a, O_b, O_c \) of triangles \( PBC, PAC, PAB \) respectively satisfy the ratios \(\frac{O_aO_b}{AB} = \frac{O_bO_c}{BC} = \frac{O_cO_a}{CA}\), we proceed as follows:

1. **Understanding the Problem**:
   - We are given an acute triangle \( ABC \).
   - We need to find the locus of points \( P \) such that the circumcenters \( O_a, O_b, O_c \) of triangles \( PBC, PAC, PAB \) respectively satisfy the ratios \(\frac{O_aO_b}{AB} = \frac{O_bO_c}{BC} = \frac{O_cO_a}{CA}\).

2. **Circumcenters and Similarity**:
   - The circumcenters \( O_a, O_b, O_c \) are the centers of the circumcircles of triangles \( PBC, PAC, PAB \), respectively.
   - The given ratios imply that triangle \( O_aO_bO_c \) is similar to triangle \( ABC \). This means that the sides of \( O_aO_bO_c \) are proportional to the sides of \( ABC \), and the corresponding angles are equal.

3. **Position of \( P \)**:
   - For \( O_aO_bO_c \) to be similar to \( ABC \), the point \( P \) must be such that the circumcenters \( O_a, O_b, O_c \) form a triangle that maintains the similarity with \( ABC \).
   - If \( P \) lies on the circumcircle of \( ABC \), the circumradius of triangles \( PBC, PAC, PAB \) will be equal to the circumradius of \( ABC \). This is because \( P \) being on the circumcircle ensures that the angles subtended by the sides of \( ABC \) at \( P \) are related to the angles of \( ABC \).

4. **Verification**:
   - When \( P \) is on the circumcircle of \( ABC \), the circumcenters \( O_a, O_b, O_c \) form a triangle that is similar to \( ABC \). This is due to the properties of the circumcircle and the fact that the angles and side ratios are preserved under the similarity transformation.
   - Specifically, if \( P \) is on the circumcircle, the distances \( O_aO_b, O_bO_c, O_cO_a \) are proportional to \( AB, BC, CA \) respectively, satisfying the given condition.

5. **Conclusion**:
   - The locus of points \( P \) such that \( O_aO_bO_c \) is similar to \( ABC \) is the circumcircle of \( ABC \). This is because the circumcircle ensures the necessary proportional distances and angles for the similarity condition to hold.

Thus, the locus of all such points \( P \) is the circumcircle of triangle \( ABC \).

\[
\boxed{\text{The circumcircle of } \triangle ABC}
\]

Solution 9:
To solve the problem of finding the locus of all points \( P \) in an acute triangle \( ABC \) such that the distances between the circumcenters \( O_a, O_b, O_c \) of triangles \( PBC \), \( PAC \), and \( PAB \) respectively satisfy the ratios \(\frac{O_aO_b}{AB} = \frac{O_bO_c}{BC} = \frac{O_cO_a}{CA}\), we proceed as follows:

1. **Understanding the Problem:**
   - We need to find the locus of points \( P \) such that the triangle formed by the circumcenters \( O_a, O_b, O_c \) of triangles \( PBC, PAC, PAB \) is similar to \( \triangle ABC \).

2. **Key Insight:**
   - If \( P \) is the circumcenter \( O \) of \( \triangle ABC \), then the circumcenters \( O_a, O_b, O_c \) of triangles \( PBC, PAC, PAB \) are the reflections of \( A, B, C \) over \( O \). This results in triangle \( O_aO_bO_c \) being congruent to triangle \( ABC \), hence similar with a ratio of 1.

3. **Verification:**
   - Let \( P = O \), the circumcenter of \( \triangle ABC \).
   - The circumradius of \( \triangle ABC \) is \( R \).
   - The circumcenter \( O_a \) of \( \triangle PBC \) is the point equidistant from \( P, B, \) and \( C \). Since \( P = O \), \( O_a \) is the reflection of \( A \) over \( O \).
   - Similarly, \( O_b \) is the reflection of \( B \) over \( O \), and \( O_c \) is the reflection of \( C \) over \( O \).

4. **Similarity Condition:**
   - The distances \( O_aO_b, O_bO_c, O_cO_a \) are equal to the sides \( BC, CA, AB \) respectively because the reflections preserve the distances.
   - Therefore, \(\frac{O_aO_b}{AB} = \frac{O_bO_c}{BC} = \frac{O_cO_a}{CA} = 1\).

5. **Uniqueness:**
   - For any other point \( P \neq O \), the circumcenters \( O_a, O_b, O_c \) do not form a triangle similar to \( \triangle ABC \) because the positions of \( O_a, O_b, O_c \) depend on \( P \) in a complex way that disrupts the required similarity ratios unless \( P \) is specifically the circumcenter \( O \).

Therefore, the locus of all points \( P \) such that \(\frac{O_aO_b}{AB} = \frac{O_bO_c}{BC} = \frac{O_cO_a}{CA}\) is the single point \( O \), the circumcenter of \( \triangle ABC \).

\[
\boxed{O}
\]

Solution 10:
To solve the problem of finding the locus of all points \( P \) such that the circumcenters \( O_a \), \( O_b \), and \( O_c \) of triangles \( PBC \), \( PAC \), and \( PAB \) respectively satisfy the ratios \(\frac{O_{a}O_{b}}{AB} = \frac{O_{b}O_{c}}{BC} = \frac{O_{c}O_{a}}{CA}\), we analyze the geometric properties and transformations involved.

### Step-by-Step Solution:

1. **Define the Problem:**
   - We need to find the locus of all points \( P \) such that the circumcenters \( O_a \), \( O_b \), and \( O_c \) of triangles \( PBC \), \( PAC \), and \( PAB \) respectively satisfy the ratios:
     \[
     \frac{O_{a}O_{b}}{AB} = \frac{O_{b}O_{c}}{BC} = \frac{O_{c}O_{a}}{CA}
     \]

2. **Properties of Circumcenters:**
   - The circumcenter \( O_a \) of triangle \( PBC \) is the point equidistant from \( P \), \( B \), and \( C \).
   - Similarly, \( O_b \) and \( O_c \) are the circumcenters of triangles \( PAC \) and \( PAB \) respectively.

3. **Similarity Condition:**
   - For the given ratios to hold, the triangle \( O_aO_bO_c \) must be similar to triangle \( ABC \).

4. **Case Analysis:**
   - **Case 1: \( P \) is the circumcenter \( O \) of \( \triangle ABC \)**
     - If \( P = O \), the circumcenter of \( \triangle ABC \), then:
       - \( O_a \) is the circumcenter of \( \triangle OBC \).
       - Since \( O \) is equidistant from \( B \) and \( C \), \( O_a = O \).
       - Similarly, \( O_b = O \) and \( O_c = O \).
     - Therefore, \( O_aO_b = O_bO_c = O_cO_a = 0 \).
     - The ratios \(\frac{O_{a}O_{b}}{AB} = \frac{O_{b}O_{c}}{BC} = \frac{O_{c}O_{a}}{CA} = 0\) are all equal, satisfying the given condition.

5. **General Acute Triangle:**
   - For a general acute triangle \( ABC \), we need to check if there are any other points \( P \) that satisfy the condition.
   - Consider any other point \( P \) in the plane. The distances \( O_aO_b \), \( O_bO_c \), and \( O_cO_a \) would generally not be zero and would not necessarily form a triangle similar to \( ABC \) unless \( P \) is specifically the circumcenter \( O \).

6. **Conclusion:**
   - The only point \( P \) that universally satisfies the given ratios for any acute triangle \( ABC \) is the circumcenter \( O \).

### Final Answer:
The locus of all such points \( P \) is the circumcenter of triangle \( ABC \). Thus, the answer is:
\[
\boxed{O}
\]

Evaluation Process:

1. Initial Screening
  - Group solutions by their final answers
  - Identify and explain mathematical contradictions between different answers
  - Eliminate solutions with clear mathematical errors

2. Detailed Analysis
  For remaining solutions, evaluate:
  - Mathematical precision and accuracy
  - Logical progression of steps
  - Completeness of mathematical reasoning
  - Proper use of mathematical notation, including \boxed{}
  - Handling of edge cases or special conditions
  - For solutions containing and addressing errors, evaluate the error identification and correction methodology.

3. Solution Comparison
  Compare viable solutions based on:
  - Efficiency of approach
  - Clarity of mathematical reasoning
  - Sophistication of method
  - Robustness of solution (works for all cases)

Your response should include:
1. Brief analysis of conflicting answers
2. Detailed evaluation of mathematically sound solutions
3. Justification for eliminating incorrect solutions
4. Clear explanation for selecting the best approach

End your evaluation with exactly:
Judgment: [IDX]
where IDX is the index 0-10 of the best solution.",,geo_triangle,genselect
genselect_c7f3e596,"You will be given a challenging math problem followed by 5 solutions. Your task is to systematically analyze these solutions to identify the most mathematically sound approach.

Input Format:
Problem: A complex mathematical word problem at advanced high school or college level
Solutions: Detailed solutions indexed 0-4, each concluding with an answer in \boxed{} notation

YOUR TASK

Problem: Find all functions \( f(z) \) that satisfy the following conditions:
i) \( f(z) \) is holomorphic on \( D = \{ z \in \mathbb{C} \mid 0 < |z| < r \} \) for some \( r > 0 \),
ii) \( f(z) = z + f(z^2) \).

Solutions:
Solution 0:
To find all functions \( f(z) \) that satisfy the given conditions, we start by expressing \( f(z) \) as a Laurent series since it is holomorphic on the punctured disk \( D = \{ z \in \mathbb{C} \mid 0 < |z| < r \} \). The Laurent series expansion of \( f(z) \) is:

\[ f(z) = \sum_{n=-\infty}^{\infty} a_n z^n. \]

Given the functional equation \( f(z) = z + f(z^2) \), we substitute \( z^2 \) into the Laurent series:

\[ f(z^2) = \sum_{n=-\infty}^{\infty} a_n z^{2n}. \]

Equating the series from the functional equation, we get:

\[ \sum_{n=-\infty}^{\infty} a_n z^n = z + \sum_{n=-\infty}^{\infty} a_n z^{2n}. \]

By comparing coefficients for each power of \( z \), we find the following relations:

1. For \( k = 1 \):
   \[ a_1 = 1. \]

2. For \( k \) odd and \( k \neq 1 \):
   \[ a_k = 0. \]

3. For \( k \) even, say \( k = 2m \):
   \[ a_{2m} = a_m. \]

Using these relations, we can determine the coefficients:
- For \( k = 2^m \) where \( m \geq 0 \), \( a_{2^m} = 1 \).
- For all other \( k \), \( a_k = 0 \).

Thus, the Laurent series for \( f(z) \) simplifies to:

\[ f(z) = \sum_{m=0}^{\infty} z^{2^m}. \]

This series converges for \( |z| < 1 \), ensuring that \( f(z) \) is holomorphic on the punctured disk \( 0 < |z| < r \) with \( r = 1 \).

To verify that this function satisfies the functional equation, we compute:

\[ f(z^2) = \sum_{m=0}^{\infty} (z^2)^{2^m} = \sum_{m=0}^{\infty} z^{2^{m+1}} = \sum_{m=1}^{\infty} z^{2^m}. \]

Then,

\[ z + f(z^2) = z + \sum_{m=1}^{\infty} z^{2^m} = \sum_{m=0}^{\infty} z^{2^m} = f(z). \]

Therefore, the function \( f(z) = \sum_{m=0}^{\infty} z^{2^m} \) satisfies the given conditions.

\[
\boxed{\sum_{n=0}^{\infty} z^{2^n}}
\]

Solution 1:
To find all functions \( f(z) \) that satisfy the conditions:
1. \( f(z) \) is holomorphic on \( D = \{ z \in \mathbb{C} \mid 0 < |z| < r \} \) for some \( r > 0 \),
2. \( f(z) = z + f(z^2) \),

we proceed as follows:

First, consider the functional equation \( f(z) = z + f(z^2) \). To solve this, we hypothesize that \( f(z) \) can be expressed as an infinite series. Let's assume:
\[
f(z) = \sum_{n=0}^{\infty} a_n z^{2^n}
\]
where the coefficients \( a_n \) are to be determined. 

Substitute this series into the functional equation:
\[
f(z) = z + f(z^2)
\]
\[
\sum_{n=0}^{\infty} a_n z^{2^n} = z + \sum_{n=0}^{\infty} a_n (z^2)^{2^n}
\]
\[
\sum_{n=0}^{\infty} a_n z^{2^n} = z + \sum_{n=0}^{\infty} a_n z^{2^{n+1}}
\]

By comparing the coefficients of \( z^{2^k} \) on both sides, we find:
- For \( k = 0 \), the coefficient of \( z^{2^0} = z \) on the left side is \( a_0 \), and on the right side, it is \( 1 \). Thus, \( a_0 = 1 \).
- For \( k \geq 1 \), the coefficient of \( z^{2^k} \) on the left side is \( a_k \), and on the right side, it is \( a_{k-1} \). Thus, \( a_k = a_{k-1} \).

Since \( a_0 = 1 \), it follows that \( a_k = 1 \) for all \( k \geq 0 \). Therefore, the series becomes:
\[
f(z) = \sum_{n=0}^{\infty} z^{2^n}
\]

Next, we need to check if this series converges and if it satisfies the functional equation. The series \( \sum_{n=0}^{\infty} z^{2^n} \) converges for \( |z| < 1 \). For \( |z| < 1 \), the terms \( z^{2^n} \) tend to zero as \( n \to \infty \), ensuring convergence.

To verify that \( f(z) = \sum_{n=0}^{\infty} z^{2^n} \) satisfies the functional equation, we compute:
\[
f(z^2) = \sum_{n=0}^{\infty} (z^2)^{2^n} = \sum_{n=0}^{\infty} z^{2^{n+1}} = \sum_{m=1}^{\infty} z^{2^m}
\]
Thus,
\[
z + f(z^2) = z + \sum_{m=1}^{\infty} z^{2^m} = \sum_{n=0}^{\infty} z^{2^n} = f(z)
\]
which confirms that \( f(z) = \sum_{n=0}^{\infty} z^{2^n} \) satisfies the functional equation.

Finally, we consider the possibility of an additional constant term. Suppose \( f(z) = C + \sum_{n=0}^{\infty} z^{2^n} \), where \( C \) is a complex constant. This form still satisfies the functional equation:
\[
f(z) = C + \sum_{n=0}^{\infty} z^{2^n}
\]
\[
f(z^2) = C + \sum_{n=0}^{\infty} (z^2)^{2^n} = C + \sum_{n=1}^{\infty} z^{2^n}
\]
\[
z + f(z^2) = z + C + \sum_{n=1}^{\infty} z^{2^n} = C + \sum_{n=0}^{\infty} z^{2^n} = f(z)
\]

Thus, the general solution is:
\[
\boxed{f(z) = C + \sum_{n=0}^{\infty} z^{2^n}}
\]
where \( C \) is an arbitrary complex constant.

Solution 2:
To find all functions \( f(z) \) that satisfy the given conditions, we start by noting that \( f(z) \) must be holomorphic on a punctured disk \( D = \{ z \in \mathbb{C} \mid 0 < |z| < r \} \) and satisfy the functional equation \( f(z) = z + f(z^2) \).

1. **Functional Equation Iteration**:
   By iterating the given functional equation, we substitute \( z^2 \) into the equation repeatedly:
   \[
   f(z) = z + f(z^2) = z + z^2 + f(z^4) = z + z^2 + z^4 + f(z^8) = \cdots
   \]
   This suggests that \( f(z) \) can be expressed as an infinite series:
   \[
   f(z) = z + z^2 + z^4 + z^8 + \cdots
   \]

2. **Laurent Series Analysis**:
   Assume \( f(z) \) has a Laurent series expansion:
   \[
   f(z) = \sum_{n=-\infty}^{\infty} a_n z^n
   \]
   Substitute this into the functional equation:
   \[
   \sum_{n=-\infty}^{\infty} a_n z^n = z + \sum_{n=-\infty}^{\infty} a_n z^{2n}
   \]
   Equate coefficients of \( z^k \) on both sides:
   - For \( k \neq 1 \) and \( k \) odd, \( a_k = 0 \).
   - For \( k = 1 \), \( a_1 = 1 \).
   - For \( k \) even, let \( k = 2m \). Then \( a_{2m} = a_m \).

3. **Recurrence Relation**:
   Solving the recurrence relation \( a_{2m} = a_m \) with \( a_1 = 1 \):
   - \( a_2 = a_1 = 1 \)
   - \( a_4 = a_2 = 1 \)
   - \( a_8 = a_4 = 1 \)
   - Generally, \( a_{2^n} = 1 \) for \( n \geq 0 \)
   - All other coefficients \( a_k = 0 \) for \( k \) not a power of 2.

4. **Convergence**:
   The series \( \sum_{n=0}^{\infty} z^{2^n} \) converges for \( |z| < 1 \), ensuring holomorphicity in the punctured disk \( 0 < |z| < r \) for \( r \leq 1 \).

Thus, the unique function satisfying both conditions is:
\[
\boxed{\sum_{n=0}^{\infty} z^{2^n}}
\]

Solution 3:
To find all functions \( f(z) \) that satisfy the given conditions, we start by noting that \( f(z) \) must be holomorphic on the punctured disk \( D = \{ z \in \mathbb{C} \mid 0 < |z| < r \} \) for some \( r > 0 \) and satisfy the functional equation \( f(z) = z + f(z^2) \).

Assume \( f(z) \) has a Laurent series expansion around 0:
\[ f(z) = \sum_{n=-\infty}^{\infty} a_n z^n. \]

Substitute this into the functional equation:
\[ \sum_{n=-\infty}^{\infty} a_n z^n = z + \sum_{n=-\infty}^{\infty} a_n z^{2n}. \]

By equating the coefficients of corresponding powers of \( z \), we get:
- For even \( m \), \( a_m - a_{m/2} = 0 \).
- For odd \( m \neq 1 \), \( a_m = 0 \).
- For \( m = 1 \), \( a_1 = 1 \).

This leads to the recursive determination of the coefficients:
- All coefficients for negative \( n \) must be zero.
- For positive \( n \), the coefficients \( a_n \) are 1 if \( n \) is a power of 2, and 0 otherwise.

Thus, the function \( f(z) \) must be given by the series:
\[ f(z) = \sum_{k=0}^{\infty} z^{2^k}. \]

We now verify that this series converges for \( |z| < 1 \). The series \( \sum_{k=0}^{\infty} z^{2^k} \) is a lacunary series, and it converges for \( |z| < 1 \). Therefore, it defines a holomorphic function on the punctured disk \( 0 < |z| < r \) for any \( r \leq 1 \).

Finally, we check that the functional equation \( f(z) = z + f(z^2) \) is satisfied by this series:
\[ f(z) = z + z^2 + z^4 + z^8 + \cdots, \]
\[ f(z^2) = z^2 + z^4 + z^8 + z^{16} + \cdots. \]
Thus,
\[ z + f(z^2) = z + (z^2 + z^4 + z^8 + \cdots) = z + z^2 + z^4 + z^8 + \cdots = f(z). \]

Therefore, the only function \( f(z) \) that satisfies the given conditions is:
\[ \boxed{\sum_{k=0}^{\infty} z^{2^k}}. \]

Solution 4:
To find all functions \( f(z) \) that satisfy the given conditions, we start by analyzing the functional equation \( f(z) = z + f(z^2) \) and the requirement that \( f(z) \) is holomorphic on a punctured disk \( D = \{ z \in \mathbb{C} \mid 0 < |z| < r \} \).

1. **Iterative Expansion**:
   By repeatedly substituting \( z^2 \) into the functional equation, we get:
   \[
   f(z) = z + f(z^2) = z + z^2 + f(z^4) = z + z^2 + z^4 + f(z^8) = \cdots
   \]
   This suggests that \( f(z) \) can be written as an infinite series:
   \[
   f(z) = z + z^2 + z^4 + z^8 + \cdots = \sum_{n=0}^{\infty} z^{2^n}
   \]

2. **Laurent Series Analysis**:
   Consider the Laurent series expansion of \( f(z) \):
   \[
   f(z) = \sum_{n=-\infty}^{\infty} a_n z^n
   \]
   The functional equation \( f(z) = z + f(z^2) \) imposes constraints on the coefficients \( a_n \):
   - For \( k = 1 \), \( a_1 = 1 \).
   - For even \( k = 2m \), \( a_{2m} = a_m \).
   - For odd \( k \neq 1 \), \( a_k = 0 \).

   This results in a series where only powers of 2 have coefficients of 1, and all other coefficients are zero. Therefore, the Laurent series is:
   \[
   f(z) = \sum_{n=0}^{\infty} z^{2^n}
   \]

3. **General Solution**:
   The Laurent series analysis shows that the constant term \( a_0 \) (denoted as \( C \)) is arbitrary. Therefore, the general solution includes an additive constant:
   \[
   f(z) = C + \sum_{n=0}^{\infty} z^{2^n}
   \]
   We need to verify that this form satisfies the functional equation:
   \[
   f(z) = z + f(z^2)
   \]
   Substituting \( f(z) = C + \sum_{n=0}^{\infty} z^{2^n} \) into the equation, we get:
   \[
   C + \sum_{n=0}^{\infty} z^{2^n} = z + \left( C + \sum_{n=0}^{\infty} z^{2^{n+1}} \right)
   \]
   Simplifying the right-hand side:
   \[
   C + \sum_{n=0}^{\infty} z^{2^n} = z + C + \sum_{n=0}^{\infty} z^{2^{n+1}}
   \]
   \[
   C + \sum_{n=0}^{\infty} z^{2^n} = C + z + \sum_{n=1}^{\infty} z^{2^n}
   \]
   \[
   C + \sum_{n=0}^{\infty} z^{2^n} = C + \sum_{n=0}^{\infty} z^{2^n}
   \]
   This confirms that the equation holds for any constant \( C \).

4. **Holomorphy**:
   The series \( \sum_{n=0}^{\infty} z^{2^n} \) converges for \( |z| < 1 \), ensuring holomorphy on a punctured disk \( 0 < |z| < r \) with \( r \leq 1 \). The constant \( C \) does not affect the convergence.

Thus, the functions satisfying the conditions are all of the form:
\[
\boxed{f(z) = C + \sum_{n=0}^{\infty} z^{2^n}}
\]
where \( C \) is a constant.

Evaluation Process:

1. Initial Screening
  - Group solutions by their final answers
  - Identify and explain mathematical contradictions between different answers
  - Eliminate solutions with clear mathematical errors

2. Detailed Analysis
  For remaining solutions, evaluate:
  - Mathematical precision and accuracy
  - Logical progression of steps
  - Completeness of mathematical reasoning
  - Proper use of mathematical notation, including \boxed{}
  - Handling of edge cases or special conditions
  - For solutions containing and addressing errors, evaluate the error identification and correction methodology.

3. Solution Comparison
  Compare viable solutions based on:
  - Efficiency of approach
  - Clarity of mathematical reasoning
  - Sophistication of method
  - Robustness of solution (works for all cases)

Your response should include:
1. Brief analysis of conflicting answers
2. Detailed evaluation of mathematically sound solutions
3. Justification for eliminating incorrect solutions
4. Clear explanation for selecting the best approach

End your evaluation with exactly:
Judgment: [IDX]
where IDX is the index 0-4 of the best solution.",,alg_equations,genselect
aimo3_tir_f017833d,"On a table, there are three spheres and a cone with its base on the table, touching each other externally. The radii of the spheres are 20, 40, and 40, and the radius of the base of the cone is 21. Find the height of the cone.

Please reason step by step and use the python tool to solve the math problem.
Finally, Return only the verified final answer in \\boxed{}. Never guess.",,geo_3d,aimo3_tir
aimo3_tir_e55657fd,"Prove that for any real number \\( x \\),

$$
|\\sin x + \\sin \\sqrt{2} x| < 2 - \\frac{1}{100\\left(x^{2}+1\\right)}
$$

Please reason step by step and use the python tool to solve the math problem.
Finally, Return only the verified final answer in \\boxed{}. Never guess.",,other,aimo3_tir
aimo3_tir_cedca4c4,"Solve the inequality \\(\\log _{1+x^{2}}\\left(1-8 x^{5}\\right)+\\log _{1-x^{2}+8 x^{4}}\\left(1+x^{2}\\right) \\leqslant 1+\\log _{1-x^{2}+8 x^{4}}\\left(1-8 x^{5}\\right)\\).

Please reason step by step and use the python tool to solve the math problem.
Finally, Return only the verified final answer in \\boxed{}. Never guess.",,alg_inequality,aimo3_tir
aimo3_tir_a0f60a31,"From the condition $\\operatorname{tg} \\phi = \\frac{1}{\\cos \\alpha \\cos \\beta + \\operatorname{tg} \\alpha \\operatorname{tg} \\beta}$, prove that $\\cos 2 \\phi \\leq 0$.

Please reason step by step and use the python tool to solve the math problem.
Finally, Return only the verified final answer in \\boxed{}. Never guess.",,other,aimo3_tir
aimo3_tir_1259ce4a,"In triangle \\( \\triangle ABC \\), the circumcenter is \\( O \\) and the incenter is \\( I \\). Prove that \\( OI^2 = R^2 - 2Rr \\).

Please reason step by step and use the python tool to solve the math problem.
Finally, Return only the verified final answer in \\boxed{}. Never guess.",,geo_triangle,aimo3_tir
aimo3_tir_7ac532ba,"A triangle has sides \\(a > b > c\\) and corresponding altitudes \\(h_a\\), \\(h_b\\), \\(h_c\\). Show that \\(a + h_a > b + h_b > c + h_c\\).

Please reason step by step and use the python tool to solve the math problem.
Finally, Return only the verified final answer in \\boxed{}. Never guess.",,geo_triangle,aimo3_tir
aimo3_tir_6f8df921,"Let \\( A \\in M_{2}(\\mathbb{Q}) \\) such that there exists \\( n \\in \\mathbb{N}, n \\neq 0 \\), with \\( A^{n} = -I_{2} \\). Prove that either \\( A^{2} = -I_{2} \\) or \\( A^{3} = -I_{2} \\).

Please reason step by step and use the python tool to solve the math problem.
Finally, Return only the verified final answer in \\boxed{}. Never guess.",,other,aimo3_tir
aimo3_tir_ca1543ba,"Fill a water bottle with a height $H$ completely. If the graph of the function relationship between the water volume $V$ and the water depth $h$ is as shown in figure 15-11(1), then the shape of the water bottle is ( ).

Please reason step by step and use the python tool to solve the math problem.
Finally, Return only the verified final answer in \\boxed{}. Never guess.",,comb_graph,aimo3_tir
aimo3_tir_015dab7c,"Let \\( k = \\left\\lfloor \\frac{n - 1}{2} \\right\\lfloor \\). Prove that 

\\[ \\sum_{r=0}^{k} \\left( \\frac{n - 2r}{n} \\right)^2 \\binom{n}{r}^2 = \\frac{1}{n} \\binom{2n - 2}{n - 1} \\]

where \\(\\binom{n}{r}\\) is the binomial coefficient.

Please reason step by step and use the python tool to solve the math problem.
Finally, Return only the verified final answer in \\boxed{}. Never guess.",,alg_polynomial,aimo3_tir
aimo3_tir_5184d749,"Prove that the system of inequalities

$$
\\begin{aligned}
& |x|>|y-z+t|, \\\\
& |y|>|x-z+t|, \\\\
& |z|>|x-y+t|, \\\\
& |t|>|x-y+z|
\\end{aligned}
$$

has no solutions.

Please reason step by step and use the python tool to solve the math problem.
Finally, Return only the verified final answer in \\boxed{}. Never guess.",,other,aimo3_tir
aimo3_tir_cdf252ba,"Let $\\xi$ and $\\zeta$ be independent random variables, where $\\xi$ has a gamma distribution with parameters $(\\gamma, \\lambda)$, and $\\zeta$ has a beta distribution with parameters $(\\alpha, \\gamma-\\alpha)$ for some $\\alpha, \\gamma$ such that $0 < \\alpha < \\gamma$, and $\\lambda > 0$.

Using the fact that the Laplace transform $\\phi(s) = \\mathrm{E}[e^{-s \\zeta \\xi}]$ of the random variable $\\zeta \\xi$ uniquely determines its distribution, prove that $\\zeta \\xi$ has a gamma distribution with parameters $(\\gamma, \\lambda)$.

Please reason step by step and use the python tool to solve the math problem.
Finally, Return only the verified final answer in \\boxed{}. Never guess.",,comb_probability,aimo3_tir
aimo3_tir_2f34caf6,"Four radii $O A, O B, O C$, and $O D$ are drawn from the center $O$ of a circle. Prove that if $\\overrightarrow{O A} + \\overrightarrow{O B} + \\overrightarrow{O C} + \\overrightarrow{O D} = \\overrightarrow{0}$, then $A B C D$ is a rectangle.

Please reason step by step and use the python tool to solve the math problem.
Finally, Return only the verified final answer in \\boxed{}. Never guess.",,geo_circle,aimo3_tir
aimo3_tir_283513ef,"In a tangential quadrilateral \\(ABCD\\), the points of tangency on sides \\(AB\\), \\(BC\\), \\(CD\\), and \\(DA\\) are denoted as \\(P\\), \\(Q\\), \\(R\\), and \\(S\\) respectively. The extensions of \\(AD\\) and \\(BC\\) meet at point \\(E\\), and the extensions of \\(AB\\) and \\(DC\\) meet at point \\(F\\). Prove the following:

(I) Lines \\(AC\\), \\(BD\\), \\(PR\\), and \\(QS\\) concur at a single point.

(II) Lines \\(AC\\), \\(EF\\), \\(PQ\\), and \\(RS\\) concur at a single point.

(III) Lines \\(BD\\), \\(EF\\), \\(PS\\), and \\(QR\\) concur at a single point (assuming \\(BD \\neq EF\\)).

Please reason step by step and use the python tool to solve the math problem.
Finally, Return only the verified final answer in \\boxed{}. Never guess.",,geo_circle,aimo3_tir
aimo3_tir_992be68c,"Let \\(AB\\) be the base of trapezoid \\(ABCD\\). Prove that if \\(AC + BC = AD + BD\\), then trapezoid \\(ABCD\\) is isosceles.

Please reason step by step and use the python tool to solve the math problem.
Finally, Return only the verified final answer in \\boxed{}. Never guess.",,geo_polygon,aimo3_tir
aimo3_tir_87c8294b,"In the acute triangle \\( \\triangle ABC \\), prove:
$$
4abc < \\left(a^2 + b^2 + c^2\\right)(a \\cos A + b \\cos B + c \\cos C) \\leq \\frac{9}{2} abc.
$$

Please reason step by step and use the python tool to solve the math problem.
Finally, Return only the verified final answer in \\boxed{}. Never guess.",,geo_triangle,aimo3_tir
aimo3_tir_484aee42,"Given an odd function \\( f(x) \\) defined on \\( (-\\infty, 0) \\cup (0, +\\infty) \\), which is decreasing on the interval \\( (0, +\\infty) \\), and satisfies \\( f(k) = 0 \\) for \\( k > 0 \\). Additionally, consider the function \\( \\varphi(\\alpha) = \\sin^{2} \\alpha + (\\xi + 1) \\cos \\alpha - \\xi^{2} - \\xi - k \\) for \\( \\alpha \\in [0, \\pi] \\). Let \\( A = \\{ \\xi \\mid \\varphi(\\alpha) < 0 \\text{ for all } \\alpha \\in [0, \\pi] \\} \\) and \\( B = \\{ \\xi \\mid f(\\varphi(\\alpha)) > 0 \\text{ for all } \\alpha \\in [0, \\pi] \\} \\). Find \\( A \\cap B \\).

Please reason step by step and use the python tool to solve the math problem.
Finally, Return only the verified final answer in \\boxed{}. Never guess.",,other,aimo3_tir
aimo3_tir_26e22dae,"The areas of the faces of a tetrahedron are \\(a, b, c, d\\). The angle between the faces with areas \\(a\\) and \\(b\\) is \\(\\gamma\\), the angle between the faces with areas \\(b\\) and \\(c\\) is \\(\\alpha\\), and the angle between the faces with areas \\(c\\) and \\(a\\) is \\(\\beta\\). Prove that

\\[ 
d^{2} = a^{2} + b^{2} + c^{2} - 2ab \\cdot \\cos \\gamma - 2bc \\cdot \\cos \\alpha - 2ca \\cdot \\cos \\beta 
\\]

Please reason step by step and use the python tool to solve the math problem.
Finally, Return only the verified final answer in \\boxed{}. Never guess.",,geo_3d,aimo3_tir
aimo3_tir_e39edcfd,"A wheel of radius \\( r \\) is traveling along a road without slipping with angular velocity \\( \\omega \\) (where \\( \\omega > \\sqrt{\\frac{g}{r}} \\)). A particle is thrown off the rim of the wheel. Show that it can reach a maximum height above the road of \\(\\frac{(r\\omega + \\frac{g}{\\omega})^2}{2g}\\). Assume air resistance is negligible.

Please reason step by step and use the python tool to solve the math problem.
Finally, Return only the verified final answer in \\boxed{}. Never guess.",,geo_circle,aimo3_tir
aimo3_tir_42ad981a,"Given proposition \\( P \\): The solution sets of the inequalities \\( a_{1} x^{2}+b_{1} x+c_{1}>0 \\) and \\( a_{2} x^{2}+b_{2} x+c_{2}>0 \\) are the same;

Proposition \\( Q \\): \\(\\frac{a_{1}}{a_{2}}=\\frac{b_{1}}{b_{2}}=\\frac{c_{1}}{c_{2}}\\). 

Is proposition \\( Q \\):

(A) A necessary and sufficient condition for proposition \\( P \\)?

(B) A sufficient condition but not a necessary condition for proposition \\( P \\)?

(C) A necessary condition but not a sufficient condition for proposition \\( P \\)?

(D) Neither a sufficient condition nor a necessary condition for proposition \\( P \\)?

Please reason step by step and use the python tool to solve the math problem.
Finally, Return only the verified final answer in \\boxed{}. Never guess.",,other,aimo3_tir
aimo3_tir_111009dd,"A ball rolls down a smooth trough, curved in the shape of a cycloid (diagram 212). Ignoring friction and air resistance, find: 

1. The dependence of the path traveled by the center of gravity of the ball on time.
2. The time it takes for the ball to roll from the beginning of the trough to its lowest point: 
   a) along the trough
   b) along a straight line.

Please reason step by step and use the python tool to solve the math problem.
Finally, Return only the verified final answer in \\boxed{}. Never guess.",,comb_graph,aimo3_tir
aimo3_tir_1e70e562,"A tower is $45 \\mathrm{~m}$ away from the bank of a river. If the width of the river is seen at an angle of $20^{\\circ}$ from a height of $18 \\mathrm{~m}$ in the tower, how wide is the river?

Please reason step by step and use the python tool to solve the math problem.
Finally, Return only the verified final answer in \\boxed{}. Never guess.",,other,aimo3_tir
aimo3_tir_c04cf799,"Given the function \\( f(x) = ax^4 + bx^3 + cx^2 + dx \\) satisfying:
1. \\( a, b, c, d \\) are all greater than 0;
2. For any \\( x \\in \\{-2, -1, 0, 1, 2\\} \\), \\( f(x) \\) is an integer;
3. \\( f(1) = 1 \\) and \\( f(5) = 70 \\).

Determine whether \\( f(x) \\) is an integer for every integer \\( x \\). Provide a justification for your conclusion.

Please reason step by step and use the python tool to solve the math problem.
Finally, Return only the verified final answer in \\boxed{}. Never guess.",,other,aimo3_tir
aimo3_tir_37e9e57c,"On side \\( AB \\) of parallelogram \\( ABCD \\) lies point \\( K \\), and on the extension of side \\( CD \\) beyond point \\( D \\) lies point \\( L \\). Lines \\( KD \\) and \\( BL \\) intersect at point \\( N \\), and lines \\( LA \\) and \\( CK \\) intersect at point \\( M \\). Prove that \\( MN \\parallel AD \\).

Please reason step by step and use the python tool to solve the math problem.
Finally, Return only the verified final answer in \\boxed{}. Never guess.",,geo_polygon,aimo3_tir
aimo3_tir_221723d8,"In a unit cube \\(ABCDA_1B_1C_1D_1\\), eight planes \\(AB_1C, BC_1D, CD_1A, DA_1B, A_1BC_1, B_1CD_1, C_1DA_1,\\) and \\(D_1AB_1\\) intersect the cube. What is the volume of the part that contains the center of the cube?

Please reason step by step and use the python tool to solve the math problem.
Finally, Return only the verified final answer in \\boxed{}. Never guess.",,geo_3d,aimo3_tir
aimo3_tir_a86d908d,"From point $A$, tangents $AB$ and $AC$ are drawn to a circle with center $O$. Prove that if the segment $AO$ is seen at a $90^{\\circ}$ angle from point $M$, then segments $OB$ and $OC$ are seen from it at equal angles.

Please reason step by step and use the python tool to solve the math problem.
Finally, Return only the verified final answer in \\boxed{}. Never guess.",,geo_circle,aimo3_tir
aimo3_tir_e2d5994a,"As shown in Figure 2, in $\\triangle ABC$ where $\\angle ABC = 120^\\circ$ and $AB = BC = 2$, point $D$ is taken on side $AC$ (excluding $A$ and $C$). $\\triangle ABD$ is folded along segment $BD$ to form $\\triangle PBD$. When the plane $PBD$ is perpendicular to the plane $ABC$, the maximum distance from point $P$ to the plane $ABC$ is _______

Please reason step by step and use the python tool to solve the math problem.
Finally, Return only the verified final answer in \\boxed{}. Never guess.",,geo_triangle,aimo3_tir
aimo3_tir_160ce3e3,"Given: \\(\\frac{\\cos x+\\cos y+\\cos z}{\\cos (x+y+z)}=\\frac{\\sin x+\\sin y+\\sin z}{\\sin (x+y+z)}=a\\).

Prove: \\(\\cos (y+z)+\\cos (z+x)+\\cos (x+y)=a\\).

Please reason step by step and use the python tool to solve the math problem.
Finally, Return only the verified final answer in \\boxed{}. Never guess.",,other,aimo3_tir
aimo3_tir_6c4c54f1,"Construct the triangle if \\(a = 5 \\text{ cm}\\), \\(\\alpha = 72^\\circ\\), and we know that the following relationship holds between its sides: \\(\\left(a^{2} - c^{2}\\right)^{2} = b^{2}\\left(2 c^{2} - b^{2}\\right)\\).

Please reason step by step and use the python tool to solve the math problem.
Finally, Return only the verified final answer in \\boxed{}. Never guess.",,geo_triangle,aimo3_tir
aimo3_tir_68741086,"Given the function
$$
\\begin{array}{l}
f_{1}(x)=f(x)=x(x-1), \\\\
f_{n}(x)=f\\left(f_{n-1}(x)\\right)(n \\geqslant 2) .
\\end{array}
$$

Prove that:
(1) When $x>2$, $f_{n}(x)$ has no zeros.
(2) When $1 \\leq x \\leq 2$, $f_{n}(x)$ has at least $n$ zeros.

Please reason step by step and use the python tool to solve the math problem.
Finally, Return only the verified final answer in \\boxed{}. Never guess.",,other,aimo3_tir
aimo3_tir_65be73fb,"Show that the homothety centered at $G$ with a ratio of -$\\frac{1}{2}$ maps the circle $\\mathcal{C}$ to $\\mathcal{E}$.

Please reason step by step and use the python tool to solve the math problem.
Finally, Return only the verified final answer in \\boxed{}. Never guess.",,geo_circle,aimo3_tir
aimo3_tir_3566fd3d,"Find all solutions of the system of equations in real numbers:

$$
\\begin{cases}
x^{3} - x + 1 = y^{2} \\\\
y^{3} - y + 1 = x^{2}
\\end{cases}
$$

Please reason step by step and use the python tool to solve the math problem.
Finally, Return only the verified final answer in \\boxed{}. Never guess.",,alg_equations,aimo3_tir
